# This file uses centimeters as units for non-parametric coordinates.

v -0.068960 -0.130462 -0.032776
v -0.071879 -0.109761 -0.047968
v -0.062806 -0.134868 0.039177
v -0.078695 -0.097770 -0.040055
v -0.061511 -0.138147 -0.036264
v -0.062290 -0.141767 -0.023740
v -0.071880 -0.129827 -0.023696
v -0.070699 -0.124440 -0.037419
v -0.061592 -0.132190 -0.046467
v -0.076719 -0.119463 -0.026129
v -0.071376 -0.117025 -0.043551
v -0.079283 -0.109716 -0.030936
v -0.063610 -0.111189 -0.058584
v -0.062153 -0.122894 -0.054118
v -0.066526 -0.095982 -0.059613
v -0.064586 -0.137294 0.029306
v -0.051151 -0.148267 0.032722
v -0.052015 -0.141979 0.045436
v -0.053368 -0.133273 0.056338
v -0.066174 -0.127533 0.043718
v -0.072482 -0.125945 0.030207
v -0.084214 -0.104612 -0.015881
v -0.085962 -0.092016 -0.019599
v -0.085742 0.058743 -0.022109
v -0.079117 0.056856 -0.041592
v -0.027638 0.115548 -0.062910
v -0.040390 0.115548 -0.056880
v -0.051391 0.115548 -0.047437
v -0.059907 0.115548 -0.034911
v -0.044762 0.100768 -0.062709
v -0.056972 0.100922 -0.051923
v -0.066130 0.101382 -0.037821
v -0.071840 0.102035 -0.021840
v -0.065414 0.115548 -0.020553
v -0.062171 0.086445 -0.056077
v -0.072285 0.087312 -0.040259
v -0.078162 0.088469 -0.022650
v -0.080391 0.089367 -0.004353
v -0.080391 0.089367 -0.004353
v -0.074271 0.102574 -0.004898
v -0.074271 0.102574 -0.004898
v -0.076755 0.072684 -0.041619
v -0.083125 0.074020 -0.022871
v -0.085405 0.075260 -0.003611
v -0.085405 0.075260 -0.003611
v -0.084161 0.075812 0.015809
v -0.079488 0.089614 0.014211
v -0.087991 0.060660 -0.002452
v -0.087991 0.060660 -0.002452
v -0.086517 0.061486 0.017268
v -0.081062 0.061243 0.036582
v -0.079129 0.075608 0.034993
v -0.088086 -0.088808 -0.000704
v -0.088086 -0.088808 -0.000704
v -0.086500 -0.087941 0.018460
v -0.080931 -0.088360 0.037277
v -0.070795 -0.089011 0.055052
v -0.070961 0.060665 0.054621
v -0.084648 -0.101484 0.018608
v -0.079367 -0.102083 0.036438
v -0.069591 -0.103219 0.053684
v -0.055442 -0.105519 0.067704
v -0.056166 -0.090356 0.069864
v -0.076919 -0.114621 0.033621
v -0.068040 -0.116603 0.049914
v -0.054354 -0.120303 0.063265
v -0.037044 -0.123476 0.071395
v -0.038274 -0.108318 0.076961
v -0.035843 -0.136974 0.062780
v -0.017425 -0.139071 0.066206
v -0.018420 -0.124778 0.076010
v -0.035230 -0.147544 0.050831
v -0.017271 -0.150659 0.053374
v 0.000000 -0.151805 0.054030
v 0.000000 -0.139815 0.067283
v -0.035109 -0.155062 0.036521
v -0.017650 -0.158835 0.038673
v 0.000000 -0.159960 0.039793
v -0.017926 -0.164319 0.021667
v 0.000000 -0.166029 0.021850
v -0.017893 -0.166564 0.004525
v -0.017893 -0.166564 0.004525
v 0.000000 -0.168323 0.004501
v 0.000000 -0.168323 0.004501
v -0.017783 -0.165874 -0.012402
v 0.000000 -0.167615 -0.012241
v -0.017333 -0.162441 -0.028757
v 0.000000 -0.164128 -0.028525
v -0.016568 -0.156092 -0.044433
v 0.000000 -0.157412 -0.044734
v -0.016072 -0.145923 -0.059388
v 0.000000 -0.146787 -0.060166
v -0.016415 -0.132246 -0.071703
v 0.000000 -0.132624 -0.072950
v -0.017278 -0.116387 -0.080275
v 0.000000 -0.116438 -0.081870
v -0.017789 -0.099812 -0.085211
v 0.000000 -0.099719 -0.086940
v -0.017753 0.052773 -0.086961
v 0.000000 0.052752 -0.088665
v -0.017211 0.069989 -0.085342
v 0.000000 0.069915 -0.086977
v -0.016397 0.086380 -0.080482
v 0.000000 0.086500 -0.081940
v -0.015475 0.101259 -0.073511
v 0.000000 0.101512 -0.074791
v -0.014087 0.115548 -0.066220
v 0.000000 0.115548 -0.067372
v -0.015993 0.115548 0.065881
v 0.000000 0.115548 0.067461
v -0.017434 0.102339 0.072612
v 0.000000 0.102596 0.074343
v -0.018451 0.088848 0.079160
v 0.000000 0.088944 0.081089
v -0.019179 0.073970 0.084186
v 0.000000 0.073683 0.086339
v -0.019693 0.058111 0.086528
v 0.000000 0.057880 0.088665
v -0.019820 -0.093502 0.085877
v 0.000000 -0.093484 0.087992
v -0.019383 -0.109435 0.082388
v 0.000000 -0.109290 0.084416
v 0.000000 -0.125031 0.077645
v -0.038748 -0.092372 0.080023
v -0.038617 0.058879 0.080457
v -0.056249 0.059873 0.069794
v -0.037917 0.074192 0.078234
v -0.055266 0.074433 0.067701
v -0.069516 0.074918 0.052776
v -0.052980 0.088355 0.063821
v -0.066249 0.088658 0.049693
v -0.075109 0.089248 0.032608
v -0.061458 0.102046 0.045448
v -0.069495 0.102423 0.029503
v -0.073532 0.102683 0.012464
v -0.063892 0.115548 0.026077
v -0.067491 0.115548 0.010490
v -0.068023 0.115548 -0.005233
v -0.068023 0.115548 -0.005233
v -0.056755 0.115548 0.040904
v -0.045420 0.115548 0.052998
v -0.049389 0.101851 0.058532
v -0.034180 0.101963 0.067623
v -0.031355 0.115548 0.061298
v -0.036459 0.088474 0.073702
v -0.030534 0.100908 -0.069782
v -0.032827 0.086055 -0.076290
v -0.048440 0.086021 -0.068390
v -0.034262 0.070142 -0.080759
v -0.050915 0.070592 -0.072187
v -0.065665 0.071481 -0.058879
v -0.051944 0.054555 -0.073605
v -0.067212 0.055985 -0.059983
v -0.051721 -0.097021 -0.072606
v -0.035026 0.053239 -0.082274
v -0.035194 -0.099059 -0.080642
v -0.034541 -0.115538 -0.076106
v -0.050573 -0.113215 -0.069057
v -0.033208 -0.130797 -0.068480
v -0.049521 -0.127654 -0.062787
v -0.032718 -0.143499 -0.057287
v -0.048893 -0.139195 -0.053190
v -0.033349 -0.152489 -0.043314
v -0.048884 -0.146655 -0.040292
v -0.034070 -0.158233 -0.027995
v -0.049093 -0.151573 -0.025784
v -0.034220 -0.161403 -0.011999
v -0.049472 -0.154020 -0.011050
v -0.063441 -0.143067 -0.010529
v -0.074169 -0.129693 -0.010943
v -0.050034 -0.154303 0.003697
v -0.050034 -0.154303 0.003697
v -0.064349 -0.142855 0.002872
v -0.064349 -0.142855 0.002872
v -0.075325 -0.128867 0.002557
v -0.075325 -0.128867 0.002557
v -0.074968 -0.127457 0.016365
v -0.081158 -0.114486 0.017568
v -0.082228 -0.115239 0.002140
v -0.082228 -0.115239 0.002140
v -0.080616 -0.116786 -0.012722
v -0.064758 -0.141097 0.016308
v -0.050650 -0.152455 0.018397
v -0.034365 -0.162001 0.004351
v -0.034365 -0.162001 0.004351
v -0.034819 -0.159909 0.020662
v -0.086146 -0.102118 0.001042
v -0.086146 -0.102118 0.001042
v 0.068960 -0.130462 -0.032776
v 0.071879 -0.109761 -0.047968
v 0.062806 -0.134868 0.039177
v 0.078695 -0.097770 -0.040055
v 0.061511 -0.138147 -0.036264
v 0.062290 -0.141767 -0.023740
v 0.071880 -0.129827 -0.023696
v 0.070699 -0.124440 -0.037419
v 0.061592 -0.132190 -0.046467
v 0.076719 -0.119463 -0.026129
v 0.071376 -0.117025 -0.043551
v 0.079283 -0.109716 -0.030936
v 0.063610 -0.111189 -0.058584
v 0.062153 -0.122894 -0.054118
v 0.066526 -0.095982 -0.059613
v 0.064586 -0.137294 0.029306
v 0.051151 -0.148267 0.032722
v 0.052015 -0.141979 0.045436
v 0.053368 -0.133273 0.056338
v 0.066174 -0.127533 0.043718
v 0.072482 -0.125945 0.030207
v 0.084214 -0.104612 -0.015881
v 0.085962 -0.092016 -0.019599
v 0.085742 0.058743 -0.022109
v 0.079117 0.056856 -0.041592
v 0.027640 0.115548 -0.062913
v 0.040392 0.115548 -0.056882
v 0.051391 0.115548 -0.047438
v 0.059906 0.115548 -0.034911
v 0.044765 0.100768 -0.062712
v 0.056973 0.100922 -0.051924
v 0.066130 0.101382 -0.037821
v 0.071840 0.102035 -0.021840
v 0.065414 0.115548 -0.020553
v 0.062171 0.086445 -0.056077
v 0.072285 0.087312 -0.040259
v 0.078162 0.088469 -0.022650
v 0.080392 0.089367 -0.004353
v 0.080392 0.089367 -0.004353
v 0.074272 0.102574 -0.004898
v 0.074272 0.102574 -0.004898
v 0.076755 0.072684 -0.041619
v 0.083125 0.074020 -0.022871
v 0.085405 0.075260 -0.003611
v 0.085405 0.075260 -0.003611
v 0.084161 0.075812 0.015809
v 0.079488 0.089614 0.014211
v 0.087991 0.060660 -0.002452
v 0.087991 0.060660 -0.002452
v 0.086517 0.061486 0.017268
v 0.081062 0.061243 0.036582
v 0.079129 0.075608 0.034993
v 0.088086 -0.088808 -0.000704
v 0.088086 -0.088808 -0.000704
v 0.086500 -0.087941 0.018460
v 0.080931 -0.088360 0.037277
v 0.070795 -0.089011 0.055052
v 0.070961 0.060665 0.054621
v 0.084648 -0.101484 0.018608
v 0.079367 -0.102083 0.036438
v 0.069591 -0.103219 0.053684
v 0.055442 -0.105519 0.067704
v 0.056166 -0.090356 0.069864
v 0.076919 -0.114621 0.033621
v 0.068040 -0.116603 0.049914
v 0.054354 -0.120303 0.063265
v 0.037044 -0.123476 0.071395
v 0.038274 -0.108318 0.076961
v 0.035843 -0.136974 0.062780
v 0.017425 -0.139071 0.066206
v 0.018420 -0.124778 0.076010
v 0.035230 -0.147544 0.050831
v 0.017271 -0.150659 0.053374
v 0.035109 -0.155062 0.036521
v 0.017650 -0.158835 0.038673
v 0.017926 -0.164319 0.021667
v 0.017893 -0.166564 0.004525
v 0.017893 -0.166564 0.004525
v 0.017783 -0.165874 -0.012402
v 0.017333 -0.162441 -0.028757
v 0.016568 -0.156092 -0.044433
v 0.016072 -0.145923 -0.059388
v 0.016415 -0.132246 -0.071703
v 0.017278 -0.116387 -0.080275
v 0.017789 -0.099812 -0.085211
v 0.017753 0.052773 -0.086961
v 0.017211 0.069989 -0.085342
v 0.016397 0.086380 -0.080482
v 0.015475 0.101259 -0.073513
v 0.014088 0.115548 -0.066223
v 0.015993 0.115548 0.065882
v 0.017434 0.102339 0.072613
v 0.018451 0.088848 0.079160
v 0.019179 0.073970 0.084186
v 0.019693 0.058111 0.086528
v 0.019820 -0.093502 0.085877
v 0.019383 -0.109435 0.082388
v 0.038748 -0.092372 0.080023
v 0.038617 0.058879 0.080457
v 0.056249 0.059873 0.069794
v 0.037917 0.074192 0.078234
v 0.055266 0.074433 0.067701
v 0.069516 0.074918 0.052776
v 0.052980 0.088355 0.063821
v 0.066249 0.088658 0.049693
v 0.075109 0.089248 0.032608
v 0.061462 0.102046 0.045449
v 0.069502 0.102423 0.029506
v 0.073537 0.102683 0.012465
v 0.063897 0.115548 0.026079
v 0.067495 0.115548 0.010491
v 0.068024 0.115548 -0.005234
v 0.068024 0.115548 -0.005234
v 0.056758 0.115548 0.040906
v 0.045420 0.115548 0.052998
v 0.049389 0.101851 0.058533
v 0.034180 0.101963 0.067624
v 0.031355 0.115548 0.061298
v 0.036459 0.088474 0.073702
v 0.030537 0.100908 -0.069785
v 0.032827 0.086055 -0.076290
v 0.048440 0.086021 -0.068390
v 0.034262 0.070142 -0.080759
v 0.050915 0.070592 -0.072187
v 0.065665 0.071481 -0.058879
v 0.051944 0.054555 -0.073605
v 0.067212 0.055985 -0.059983
v 0.051721 -0.097021 -0.072606
v 0.035026 0.053239 -0.082274
v 0.035194 -0.099059 -0.080642
v 0.034541 -0.115538 -0.076106
v 0.050573 -0.113215 -0.069057
v 0.033208 -0.130797 -0.068480
v 0.049521 -0.127654 -0.062787
v 0.032718 -0.143499 -0.057287
v 0.048893 -0.139195 -0.053190
v 0.033349 -0.152489 -0.043314
v 0.048884 -0.146655 -0.040292
v 0.034070 -0.158233 -0.027995
v 0.049093 -0.151573 -0.025784
v 0.034220 -0.161403 -0.011999
v 0.049472 -0.154020 -0.011050
v 0.063441 -0.143067 -0.010529
v 0.074169 -0.129693 -0.010943
v 0.050034 -0.154303 0.003697
v 0.050034 -0.154303 0.003697
v 0.064349 -0.142855 0.002872
v 0.064349 -0.142855 0.002872
v 0.075325 -0.128867 0.002557
v 0.075325 -0.128867 0.002557
v 0.074968 -0.127457 0.016365
v 0.081158 -0.114486 0.017568
v 0.082228 -0.115239 0.002140
v 0.082228 -0.115239 0.002140
v 0.080616 -0.116786 -0.012722
v 0.064758 -0.141097 0.016308
v 0.050650 -0.152455 0.018397
v 0.034365 -0.162001 0.004351
v 0.034365 -0.162001 0.004351
v 0.034819 -0.159909 0.020662
v 0.086146 -0.102118 0.001042
v 0.086146 -0.102118 0.001042
v -0.039704 0.151303 -0.057044
v -0.026986 0.151304 -0.063876
v -0.051063 0.151303 -0.046990
v -0.060153 0.151303 -0.034282
v -0.013665 0.151304 -0.067887
v 0.000000 0.151304 -0.069300
v 0.000000 0.151304 0.069357
v -0.015500 0.151304 0.067450
v -0.068569 0.151304 0.010234
v -0.069169 0.151304 -0.005101
v -0.069169 0.151304 -0.005101
v -0.066279 0.151304 -0.020072
v -0.064521 0.151304 0.025560
v -0.056728 0.151303 0.040310
v -0.044836 0.151303 0.052851
v -0.030626 0.151303 0.062011
v 0.026987 0.151304 -0.063890
v 0.039704 0.151303 -0.057053
v 0.051063 0.151303 -0.046993
v 0.060153 0.151303 -0.034282
v 0.013665 0.151304 -0.067896
v 0.015500 0.151304 0.067460
v 0.068569 0.151304 0.010234
v 0.069169 0.151304 -0.005101
v 0.069169 0.151304 -0.005101
v 0.066279 0.151304 -0.020072
v 0.064521 0.151304 0.025560
v 0.056729 0.151303 0.040312
v 0.044837 0.151303 0.052860
v 0.030626 0.151303 0.062026
v -0.024660 0.151304 -0.056985
v -0.035888 0.151303 -0.050940
v -0.045654 0.151303 -0.042296
v -0.053607 0.151304 -0.031193
v 0.000000 0.151304 -0.061974
v -0.012593 0.151304 -0.060660
v -0.014199 0.151304 0.060267
v 0.000000 0.151304 0.062022
v -0.061787 0.151304 -0.004709
v -0.061787 0.151304 -0.004709
v -0.061228 0.151304 0.009485
v -0.059141 0.151304 -0.018447
v -0.057534 0.151304 0.023420
v -0.050634 0.151303 0.036411
v -0.040370 0.151304 0.047234
v -0.027845 0.151303 0.055315
v 0.035888 0.151303 -0.050944
v 0.024660 0.151304 -0.056989
v 0.045654 0.151303 -0.042300
v 0.053607 0.151304 -0.031194
v 0.012593 0.151304 -0.060663
v 0.014199 0.151304 0.060267
v 0.061226 0.151304 0.009485
v 0.061787 0.151304 -0.004709
v 0.061787 0.151304 -0.004709
v 0.059141 0.151304 -0.018447
v 0.057532 0.151304 0.023419
v 0.050632 0.151303 0.036409
v 0.040370 0.151304 0.047233
v 0.027845 0.151303 0.055314
v 0.000000 0.168323 0.000048
v 0.000000 0.116453 -0.061549
v 0.000000 0.116453 -0.061549
v -0.012017 0.116453 -0.060365
v -0.012017 0.116453 -0.060365
v -0.023572 0.116453 -0.056860
v -0.023572 0.116453 -0.056860
v -0.034221 0.116453 -0.051167
v -0.034221 0.116453 -0.051167
v -0.043555 0.116453 -0.043507
v -0.043555 0.116453 -0.043507
v -0.051215 0.116453 -0.034173
v -0.051215 0.116453 -0.034173
v -0.056908 0.116453 -0.023524
v -0.056908 0.116453 -0.023524
v -0.060413 0.116453 -0.011969
v -0.060413 0.116453 -0.011969
v -0.061596 0.116453 0.000048
v -0.061596 0.116453 0.000048
v -0.060413 0.116453 0.012065
v -0.060413 0.116453 0.012065
v -0.056908 0.116453 0.023620
v -0.056908 0.116453 0.023620
v -0.051215 0.116453 0.034269
v -0.051215 0.116453 0.034269
v -0.043555 0.116453 0.043603
v -0.043555 0.116453 0.043603
v -0.034221 0.116453 0.051264
v -0.034221 0.116453 0.051264
v -0.023572 0.116453 0.056956
v -0.023572 0.116453 0.056956
v -0.012017 0.116453 0.060461
v -0.012017 0.116453 0.060461
v -0.012017 0.116453 0.060461
v 0.000000 0.116453 0.061644
v 0.000000 0.116453 0.061644
v 0.012017 0.116453 0.060461
v 0.012017 0.116453 0.060461
v 0.023572 0.116453 0.056956
v 0.023572 0.116453 0.056956
v 0.034221 0.116453 0.051264
v 0.034221 0.116453 0.051264
v 0.043555 0.116453 0.043603
v 0.043555 0.116453 0.043603
v 0.051216 0.116453 0.034269
v 0.051216 0.116453 0.034269
v 0.056908 0.116453 0.023620
v 0.056908 0.116453 0.023620
v 0.060413 0.116453 0.012065
v 0.060413 0.116453 0.012065
v 0.061596 0.116453 0.000048
v 0.061596 0.116453 0.000048
v 0.060413 0.116453 -0.011969
v 0.060413 0.116453 -0.011969
v 0.056908 0.116453 -0.023524
v 0.056908 0.116453 -0.023524
v 0.051215 0.116453 -0.034173
v 0.051215 0.116453 -0.034173
v 0.043555 0.116453 -0.043507
v 0.043555 0.116453 -0.043507
v 0.034221 0.116453 -0.051167
v 0.034221 0.116453 -0.051167
v 0.023572 0.116453 -0.056860
v 0.023572 0.116453 -0.056860
v 0.012017 0.116453 -0.060365
v 0.012017 0.116453 -0.060365
v 0.000000 0.116453 0.000048
v 0.000000 0.153986 -0.061549
v -0.012017 0.153986 -0.060365
v -0.023572 0.153986 -0.056860
v -0.034221 0.153986 -0.051167
v -0.043555 0.153986 -0.043507
v -0.051215 0.153986 -0.034173
v -0.056908 0.153986 -0.023524
v -0.060413 0.153986 -0.011969
v -0.061596 0.153986 0.000048
v -0.060413 0.153986 0.012065
v -0.056908 0.153986 0.023620
v -0.051215 0.153986 0.034269
v -0.043555 0.153986 0.043603
v -0.034221 0.153986 0.051264
v -0.023572 0.153986 0.056956
v -0.012017 0.153986 0.060461
v -0.012017 0.153986 0.060461
v 0.000000 0.153986 0.061644
v 0.012017 0.153986 0.060461
v 0.023572 0.153986 0.056956
v 0.034221 0.153986 0.051264
v 0.043555 0.153986 0.043603
v 0.051216 0.153986 0.034269
v 0.056908 0.153986 0.023620
v 0.060413 0.153986 0.012065
v 0.061596 0.153986 0.000048
v 0.060413 0.153986 -0.011969
v 0.056908 0.153986 -0.023524
v 0.051215 0.153986 -0.034173
v 0.043555 0.153986 -0.043507
v 0.034221 0.153986 -0.051167
v 0.023572 0.153986 -0.056860
v 0.012017 0.153986 -0.060365
v -0.013833 0.168323 -0.069497
v -0.013833 0.153986 -0.069497
v -0.013833 0.153986 -0.069497
v 0.000000 0.153986 -0.070859
v 0.000000 0.153986 -0.070859
v 0.000000 0.168323 -0.070859
v -0.027135 0.168323 -0.065462
v -0.027135 0.153986 -0.065462
v -0.027135 0.153986 -0.065462
v -0.039394 0.168323 -0.058909
v -0.039394 0.153986 -0.058909
v -0.039394 0.153986 -0.058909
v -0.050139 0.168323 -0.050091
v -0.050139 0.153986 -0.050091
v -0.050139 0.153986 -0.050091
v -0.058957 0.168323 -0.039346
v -0.058957 0.153986 -0.039346
v -0.058957 0.153986 -0.039346
v -0.065510 0.168323 -0.027087
v -0.065510 0.153986 -0.027087
v -0.065510 0.153986 -0.027087
v -0.069545 0.168323 -0.013785
v -0.069545 0.153986 -0.013785
v -0.069545 0.153986 -0.013785
v -0.070907 0.168323 0.000048
v -0.070907 0.153986 0.000048
v -0.070907 0.153986 0.000048
v -0.069545 0.168323 0.013881
v -0.069545 0.153986 0.013881
v -0.069545 0.153986 0.013881
v -0.065510 0.168323 0.027183
v -0.065510 0.153986 0.027183
v -0.065510 0.153986 0.027183
v -0.058957 0.168323 0.039441
v -0.058957 0.153986 0.039441
v -0.058957 0.153986 0.039441
v -0.050139 0.168323 0.050186
v -0.050139 0.153986 0.050186
v -0.050139 0.153986 0.050186
v -0.039394 0.168323 0.059005
v -0.039394 0.153986 0.059005
v -0.039394 0.153986 0.059005
v -0.027135 0.168323 0.065558
v -0.027135 0.153986 0.065558
v -0.027135 0.153986 0.065558
v -0.013833 0.168323 0.069593
v -0.013833 0.153986 0.069593
v -0.013833 0.153986 0.069593
v -0.013833 0.153986 0.069593
v 0.000000 0.168323 0.070955
v 0.000000 0.153986 0.070955
v 0.000000 0.153986 0.070955
v 0.013833 0.168323 0.069593
v 0.013833 0.153986 0.069593
v 0.013833 0.153986 0.069593
v 0.027135 0.168323 0.065558
v 0.027135 0.153986 0.065558
v 0.027135 0.153986 0.065558
v 0.039394 0.168323 0.059005
v 0.039394 0.153986 0.059005
v 0.039394 0.153986 0.059005
v 0.050139 0.168323 0.050186
v 0.050139 0.153986 0.050186
v 0.050139 0.153986 0.050186
v 0.058957 0.168323 0.039441
v 0.058957 0.153986 0.039441
v 0.058957 0.153986 0.039441
v 0.065510 0.168323 0.027183
v 0.065510 0.153986 0.027183
v 0.065510 0.153986 0.027183
v 0.069545 0.168323 0.013881
v 0.069545 0.153986 0.013881
v 0.069545 0.153986 0.013881
v 0.070907 0.168323 0.000048
v 0.070907 0.153986 0.000048
v 0.070907 0.153986 0.000048
v 0.069545 0.168323 -0.013785
v 0.069545 0.153986 -0.013785
v 0.069545 0.153986 -0.013785
v 0.065510 0.168323 -0.027087
v 0.065510 0.153986 -0.027087
v 0.065510 0.153986 -0.027087
v 0.058957 0.168323 -0.039346
v 0.058957 0.153986 -0.039346
v 0.058957 0.153986 -0.039346
v 0.050139 0.168323 -0.050091
v 0.050139 0.153986 -0.050091
v 0.050139 0.153986 -0.050091
v 0.039394 0.168323 -0.058909
v 0.039394 0.153986 -0.058909
v 0.039394 0.153986 -0.058909
v 0.027135 0.168323 -0.065462
v 0.027135 0.153986 -0.065462
v 0.027135 0.153986 -0.065462
v 0.013833 0.168323 -0.069497
v 0.013833 0.153986 -0.069497
v 0.013833 0.153986 -0.069497
vt 0.118871 0.683105
vt 0.109825 0.700577
vt 0.102758 0.674393
vt 0.090377 0.681319
vt 0.101619 0.661571
vt 0.123569 0.665996
vt 0.081048 0.662607
vt 0.102954 0.645973
vt 0.078367 0.643243
vt 0.103396 0.632211
vt 0.083697 0.618374
vt 0.122374 0.627865
vt 0.124874 0.647302
vt 0.114975 0.605057
vt 0.341912 0.301932
vt 0.315296 0.317200
vt 0.332231 0.290051
vt 0.310305 0.296179
vt 0.307882 0.275444
vt 0.335469 0.275284
vt 0.356596 0.282361
vt 0.049828 0.620608
vt 0.053292 0.645133
vt 0.078347 0.586227
vt 0.047442 0.591776
vt 0.136618 0.475548
vt 0.135704 0.501352
vt 0.109761 0.477903
vt 0.108152 0.504669
vt 0.079801 0.507001
vt 0.082293 0.480303
vt 0.051533 0.508340
vt 0.055233 0.481644
vt 0.077713 0.533363
vt 0.107417 0.530233
vt 0.048195 0.535407
vt 0.018199 0.536227
vt 0.023165 0.507969
vt 0.046658 0.563317
vt 0.077122 0.559330
vt 0.015625 0.566363
vt 0.409289 0.171652
vt 0.409265 0.145153
vt 0.440122 0.174312
vt 0.439042 0.145199
vt 0.016322 0.596831
vt 0.437637 0.203750
vt 0.406766 0.198036
vt 0.376452 0.192844
vt 0.378727 0.168357
vt 0.430965 0.231920
vt 0.401562 0.223401
vt 0.372361 0.216603
vt 0.342597 0.210412
vt 0.345876 0.187864
vt 0.394820 0.247664
vt 0.367573 0.239509
vt 0.338918 0.232825
vt 0.310299 0.229625
vt 0.312617 0.206419
vt 0.336535 0.255018
vt 0.363203 0.261482
vt 0.308282 0.253031
vt 0.280637 0.253486
vt 0.282345 0.229377
vt 0.280077 0.277571
vt 0.252628 0.278902
vt 0.253426 0.253103
vt 0.281971 0.301458
vt 0.253747 0.305006
vt 0.227053 0.305895
vt 0.227217 0.279392
vt 0.256438 0.330287
vt 0.286220 0.325443
vt 0.226898 0.330975
vt 0.226715 0.360601
vt 0.260029 0.357521
vt 0.263949 0.384583
vt 0.226549 0.387517
vt 0.222224 0.783983
vt 0.183451 0.782323
vt 0.221703 0.757805
vt 0.187766 0.755158
vt 0.221194 0.732199
vt 0.191450 0.729449
vt 0.220667 0.705736
vt 0.194673 0.703823
vt 0.196621 0.676767
vt 0.220099 0.677184
vt 0.196539 0.649409
vt 0.219533 0.648713
vt 0.195138 0.622633
vt 0.218988 0.621319
vt 0.193757 0.597034
vt 0.218474 0.595524
vt 0.192679 0.571302
vt 0.217968 0.570094
vt 0.191807 0.545518
vt 0.217465 0.544780
vt 0.216943 0.518571
vt 0.190790 0.520090
vt 0.189581 0.495596
vt 0.216457 0.494159
vt 0.189316 0.471335
vt 0.215985 0.470489
vt 0.228405 0.087287
vt 0.258464 0.087873
vt 0.228270 0.108975
vt 0.258497 0.110551
vt 0.257771 0.132829
vt 0.228128 0.131965
vt 0.256928 0.156351
vt 0.227979 0.156094
vt 0.256340 0.180157
vt 0.227832 0.179842
vt 0.227687 0.203379
vt 0.255695 0.204409
vt 0.227539 0.227244
vt 0.254712 0.228525
vt 0.227382 0.252666
vt 0.283721 0.205207
vt 0.285014 0.181418
vt 0.314966 0.183807
vt 0.286416 0.158324
vt 0.316936 0.161379
vt 0.348039 0.164993
vt 0.318248 0.138922
vt 0.348902 0.141844
vt 0.379301 0.143970
vt 0.348890 0.117878
vt 0.378773 0.119155
vt 0.407671 0.119276
vt 0.378227 0.094397
vt 0.405913 0.093978
vt 0.435913 0.117873
vt 0.432072 0.091904
vt 0.028907 0.481197
vt 0.348820 0.093539
vt 0.318517 0.091549
vt 0.318750 0.115683
vt 0.288521 0.112965
vt 0.288358 0.089312
vt 0.287690 0.135847
vt 0.163057 0.473161
vt 0.162902 0.498313
vt 0.163998 0.523068
vt 0.136487 0.526714
vt 0.137844 0.551114
vt 0.165640 0.547846
vt 0.108166 0.554979
vt 0.110539 0.579443
vt 0.139999 0.575444
vt 0.142787 0.599886
vt 0.167245 0.573151
vt 0.168730 0.598535
vt 0.145939 0.624696
vt 0.170584 0.623910
vt 0.147711 0.648366
vt 0.172480 0.649363
vt 0.146897 0.670936
vt 0.171904 0.674687
vt 0.168060 0.699250
vt 0.142269 0.692627
vt 0.162464 0.723364
vt 0.135224 0.714610
vt 0.156225 0.747741
vt 0.126067 0.735662
vt 0.097472 0.716852
vt 0.074525 0.692990
vt 0.114330 0.755906
vt 0.083019 0.732513
vt 0.056999 0.705416
vt 0.389733 0.311149
vt 0.373680 0.295855
vt 0.407714 0.284013
vt 0.386468 0.271554
vt 0.039359 0.678910
vt 0.060499 0.668875
vt 0.363929 0.338642
vt 0.352100 0.320428
vt 0.322665 0.338630
vt 0.332086 0.360416
vt 0.291724 0.350201
vt 0.298596 0.375432
vt 0.147929 0.772416
vt 0.027496 0.653169
vt 0.421211 0.258324
vt 0.020187 0.626077
vt 0.349883 0.676156
vt 0.331217 0.696172
vt 0.337237 0.669728
vt 0.321483 0.679074
vt 0.316108 0.662165
vt 0.337865 0.656871
vt 0.358460 0.657087
vt 0.354054 0.612995
vt 0.360370 0.637632
vt 0.334921 0.627604
vt 0.335910 0.641338
vt 0.314061 0.643537
vt 0.315785 0.624017
vt 0.322271 0.600933
vt 0.143928 0.295151
vt 0.138678 0.316109
vt 0.122079 0.288753
vt 0.112252 0.300513
vt 0.119023 0.273947
vt 0.146606 0.274448
vt 0.097810 0.280762
vt 0.387986 0.613880
vt 0.385500 0.638524
vt 0.358122 0.580660
vt 0.389223 0.584976
vt 0.325097 0.500354
vt 0.297436 0.498136
vt 0.322425 0.473672
vt 0.295496 0.472388
vt 0.349967 0.474978
vt 0.353518 0.501556
vt 0.381817 0.501769
vt 0.377059 0.475241
vt 0.356653 0.527814
vt 0.326848 0.525867
vt 0.386229 0.528682
vt 0.410148 0.500271
vt 0.416234 0.528309
vt 0.388874 0.556508
vt 0.358276 0.553736
vt 0.420004 0.558318
vt 0.017064 0.142594
vt 0.046840 0.142915
vt 0.015625 0.171691
vt 0.046489 0.169411
vt 0.420519 0.588789
vt 0.017747 0.201157
vt 0.048686 0.195825
vt 0.077089 0.166493
vt 0.079062 0.191007
vt 0.053576 0.221251
vt 0.024070 0.229407
vt 0.082859 0.214815
vt 0.109697 0.186405
vt 0.112698 0.208992
vt 0.087364 0.237778
vt 0.060018 0.245595
vt 0.116099 0.231448
vt 0.142725 0.205369
vt 0.144756 0.228602
vt 0.118209 0.253669
vt 0.091462 0.259803
vt 0.146484 0.252031
vt 0.172711 0.228700
vt 0.174121 0.252828
vt 0.174383 0.276918
vt 0.201334 0.252781
vt 0.201813 0.278588
vt 0.172195 0.300780
vt 0.200372 0.304677
vt 0.197369 0.329923
vt 0.167649 0.324710
vt 0.193442 0.357110
vt 0.189188 0.384122
vt 0.260900 0.780781
vt 0.255509 0.753810
vt 0.250805 0.728268
vt 0.246565 0.702791
vt 0.243542 0.675833
vt 0.242536 0.648494
vt 0.242871 0.621683
vt 0.243232 0.596050
vt 0.243286 0.570295
vt 0.243131 0.544497
vt 0.243136 0.519048
vt 0.243369 0.494526
vt 0.242669 0.470275
vt 0.198340 0.087503
vt 0.198026 0.110178
vt 0.198476 0.132463
vt 0.199029 0.155994
vt 0.199322 0.179804
vt 0.199667 0.204063
vt 0.200352 0.228189
vt 0.171634 0.204515
vt 0.170635 0.180712
vt 0.140656 0.182731
vt 0.138963 0.160280
vt 0.169518 0.157602
vt 0.107817 0.163509
vt 0.107240 0.140352
vt 0.137928 0.137809
vt 0.076816 0.142101
vt 0.077649 0.117300
vt 0.107548 0.116390
vt 0.048750 0.117063
vt 0.050822 0.091788
vt 0.078501 0.092549
vt 0.020529 0.115309
vt 0.024689 0.089389
vt 0.403346 0.473748
vt 0.107916 0.092054
vt 0.138244 0.090437
vt 0.137714 0.114566
vt 0.168429 0.088573
vt 0.167974 0.112221
vt 0.168522 0.135112
vt 0.268982 0.471056
vt 0.270138 0.496181
vt 0.270025 0.520958
vt 0.297660 0.523507
vt 0.297274 0.547942
vt 0.269371 0.545782
vt 0.327083 0.550624
vt 0.325685 0.575163
vt 0.296089 0.572338
vt 0.294276 0.596872
vt 0.268299 0.596554
vt 0.268773 0.571131
vt 0.292113 0.621787
vt 0.267456 0.621982
vt 0.291284 0.645509
vt 0.266575 0.647491
vt 0.292995 0.668029
vt 0.268157 0.672771
vt 0.298482 0.689519
vt 0.272975 0.697163
vt 0.306396 0.711204
vt 0.279526 0.721034
vt 0.316383 0.731875
vt 0.286730 0.745145
vt 0.344207 0.711942
vt 0.366187 0.687186
vt 0.359272 0.727017
vt 0.328916 0.751636
vt 0.384193 0.698906
vt 0.064321 0.309138
vt 0.046676 0.281783
vt 0.080562 0.294044
vt 0.068075 0.269587
vt 0.379243 0.662534
vt 0.400765 0.671719
vt 0.101837 0.318882
vt 0.089783 0.336949
vt 0.131044 0.337447
vt 0.121354 0.359114
vt 0.161840 0.349398
vt 0.154656 0.374543
vt 0.296001 0.769470
vt 0.411595 0.645527
vt 0.033498 0.255929
vt 0.417820 0.618166
vt 0.137441 0.406673
vt 0.162921 0.404584
vt 0.138362 0.418189
vt 0.164284 0.416218
vt 0.112132 0.408612
vt 0.111654 0.419999
vt 0.084974 0.420972
vt 0.086611 0.409226
vt 0.188582 0.402964
vt 0.214619 0.401876
vt 0.189650 0.414705
vt 0.214862 0.413962
vt 0.228751 0.030869
vt 0.228828 0.018818
vt 0.256965 0.031324
vt 0.257849 0.019636
vt 0.396508 0.021593
vt 0.420090 0.017987
vt 0.399090 0.033422
vt 0.423646 0.030055
vt 0.034602 0.418626
vt 0.038134 0.406499
vt 0.059309 0.420761
vt 0.061665 0.408930
vt 0.371039 0.023221
vt 0.373266 0.034987
vt 0.344037 0.023673
vt 0.345427 0.035313
vt 0.315863 0.022942
vt 0.315725 0.034266
vt 0.285822 0.032597
vt 0.286840 0.021030
vt 0.265482 0.414209
vt 0.266385 0.402516
vt 0.291462 0.415145
vt 0.291929 0.403595
vt 0.318228 0.415889
vt 0.317298 0.404530
vt 0.342827 0.404128
vt 0.344929 0.415799
vt 0.240082 0.413705
vt 0.240679 0.401919
vt 0.199798 0.019265
vt 0.200538 0.030980
vt 0.033880 0.027649
vt 0.037585 0.015625
vt 0.058393 0.031320
vt 0.061122 0.019520
vt 0.367743 0.402842
vt 0.391158 0.399477
vt 0.370567 0.414569
vt 0.395169 0.411455
vt 0.084196 0.033204
vt 0.086569 0.021461
vt 0.112030 0.033872
vt 0.113561 0.022244
vt 0.141751 0.033193
vt 0.141740 0.021856
vt 0.170787 0.020297
vt 0.171674 0.031896
vt 0.808339 0.151086
vt 0.919928 0.167908
vt 0.914502 0.189355
vt 0.904996 0.209331
vt 0.891776 0.227069
vt 0.875349 0.241887
vt 0.856347 0.253215
vt 0.835500 0.260619
vt 0.813610 0.263813
vt 0.791516 0.262676
vt 0.770070 0.257249
vt 0.750094 0.247744
vt 0.732356 0.234523
vt 0.717538 0.218096
vt 0.706210 0.199095
vt 0.698806 0.178248
vt 0.695612 0.156357
vt 0.696749 0.134264
vt 0.702175 0.112817
vt 0.711681 0.092841
vt 0.724902 0.075103
vt 0.741328 0.060286
vt 0.760330 0.048957
vt 0.781177 0.041553
vt 0.803068 0.038359
vt 0.825161 0.039497
vt 0.846607 0.044923
vt 0.866584 0.054428
vt 0.884321 0.067649
vt 0.899139 0.084076
vt 0.910468 0.103077
vt 0.917872 0.123924
vt 0.921066 0.145815
vt 0.211733 0.862867
vt 0.114916 0.885084
vt 0.205538 0.844406
vt 0.195861 0.827508
vt 0.183073 0.812823
vt 0.167666 0.800914
vt 0.150232 0.792241
vt 0.131440 0.787135
vt 0.112014 0.785793
vt 0.092699 0.788267
vt 0.074238 0.794462
vt 0.057340 0.804139
vt 0.042655 0.816927
vt 0.030746 0.832334
vt 0.022073 0.849769
vt 0.016966 0.868560
vt 0.015625 0.887986
vt 0.018099 0.907301
vt 0.024294 0.925762
vt 0.033971 0.942660
vt 0.046759 0.957345
vt 0.062166 0.969254
vt 0.079600 0.977928
vt 0.098392 0.983034
vt 0.117818 0.984375
vt 0.137133 0.981901
vt 0.155594 0.975706
vt 0.172492 0.966030
vt 0.187177 0.953241
vt 0.199086 0.937835
vt 0.207759 0.920400
vt 0.212865 0.901608
vt 0.214207 0.882182
vt 0.925753 0.588152
vt 0.864142 0.588152
vt 0.925753 0.568827
vt 0.864142 0.568827
vt 0.925753 0.549433
vt 0.864142 0.549433
vt 0.925753 0.529129
vt 0.864142 0.529129
vt 0.925753 0.507987
vt 0.864142 0.507987
vt 0.925753 0.487635
vt 0.864142 0.487635
vt 0.925753 0.468213
vt 0.864142 0.468213
vt 0.925753 0.448922
vt 0.864142 0.448922
vt 0.925753 0.429709
vt 0.864142 0.429709
vt 0.925753 0.410619
vt 0.864142 0.410619
vt 0.925753 0.391636
vt 0.864142 0.391636
vt 0.925753 0.372665
vt 0.864142 0.372665
vt 0.925753 0.353603
vt 0.864142 0.353603
vt 0.925753 0.334466
vt 0.864142 0.334466
vt 0.925753 0.314685
vt 0.864142 0.314685
vt 0.925753 0.293770
vt 0.864142 0.293770
vt 0.925753 0.920061
vt 0.864142 0.920061
vt 0.925753 0.900582
vt 0.864142 0.900582
vt 0.925753 0.881574
vt 0.864142 0.881574
vt 0.925753 0.862567
vt 0.864142 0.862567
vt 0.925753 0.843521
vt 0.864142 0.843521
vt 0.925753 0.824390
vt 0.864142 0.824390
vt 0.925753 0.805133
vt 0.864142 0.805133
vt 0.925753 0.785739
vt 0.864142 0.785739
vt 0.925753 0.766249
vt 0.864142 0.766249
vt 0.925753 0.745793
vt 0.864142 0.745793
vt 0.925753 0.724501
vt 0.864142 0.724501
vt 0.925753 0.704095
vt 0.864142 0.704095
vt 0.925753 0.684655
vt 0.864142 0.684655
vt 0.925753 0.665294
vt 0.864142 0.665294
vt 0.925753 0.645963
vt 0.864142 0.645963
vt 0.925753 0.626687
vt 0.864142 0.626687
vt 0.925753 0.607434
vt 0.864142 0.607434
vt 0.942416 0.171386
vt 0.935879 0.197152
vt 0.940355 0.588152
vt 0.940355 0.568827
vt 0.924442 0.221149
vt 0.940355 0.549433
vt 0.908542 0.242454
vt 0.940355 0.529129
vt 0.888792 0.260247
vt 0.940355 0.507987
vt 0.865950 0.273845
vt 0.940355 0.487635
vt 0.840893 0.282726
vt 0.940355 0.468213
vt 0.814586 0.286547
vt 0.940355 0.448922
vt 0.788039 0.285163
vt 0.940355 0.429709
vt 0.762272 0.278627
vt 0.940355 0.410619
vt 0.738275 0.267189
vt 0.940355 0.391636
vt 0.716971 0.251289
vt 0.940355 0.372665
vt 0.699178 0.231539
vt 0.940355 0.353603
vt 0.685580 0.208697
vt 0.940355 0.334466
vt 0.676699 0.183641
vt 0.940355 0.314685
vt 0.672878 0.157334
vt 0.940355 0.293770
vt 0.674261 0.130787
vt 0.940355 0.920061
vt 0.940355 0.900582
vt 0.680798 0.105020
vt 0.940355 0.881574
vt 0.692236 0.081023
vt 0.940355 0.862567
vt 0.708136 0.059719
vt 0.940355 0.843521
vt 0.727886 0.041926
vt 0.940355 0.824390
vt 0.750728 0.028328
vt 0.940355 0.805133
vt 0.775784 0.019447
vt 0.940355 0.785739
vt 0.802091 0.015625
vt 0.940355 0.766249
vt 0.828638 0.017009
vt 0.940355 0.745793
vt 0.854405 0.023545
vt 0.940355 0.724501
vt 0.878402 0.034983
vt 0.940355 0.704095
vt 0.899706 0.050883
vt 0.940355 0.684655
vt 0.917499 0.070633
vt 0.940355 0.665294
vt 0.931097 0.093475
vt 0.940355 0.645963
vt 0.939978 0.118531
vt 0.940355 0.626687
vt 0.943800 0.144838
vt 0.940355 0.607434
vn -0.659779 -0.683678 -0.311890
vn -0.676136 -0.713738 -0.182810
vn -0.791368 -0.549178 -0.268589
vn -0.791368 -0.549178 -0.268589
vn -0.676136 -0.713738 -0.182810
vn -0.818798 -0.546599 -0.175500
vn -0.827971 -0.437185 -0.351188
vn -0.675398 -0.567698 -0.470698
vn -0.791368 -0.549178 -0.268589
vn -0.791368 -0.549178 -0.268589
vn -0.675398 -0.567698 -0.470698
vn -0.659779 -0.683678 -0.311890
vn -0.791368 -0.549178 -0.268589
vn -0.818798 -0.546599 -0.175500
vn -0.827971 -0.437185 -0.351188
vn -0.827971 -0.437185 -0.351188
vn -0.818798 -0.546599 -0.175500
vn -0.891403 -0.393701 -0.224501
vn -0.837568 -0.347487 -0.421584
vn -0.920003 -0.267201 -0.286701
vn -0.834368 -0.226591 -0.502481
vn -0.834368 -0.226591 -0.502481
vn -0.920003 -0.267201 -0.286701
vn -0.900466 -0.113396 -0.419884
vn -0.707722 -0.244808 -0.662721
vn -0.684117 -0.417710 -0.597915
vn -0.834368 -0.226591 -0.502481
vn -0.834368 -0.226591 -0.502481
vn -0.684117 -0.417710 -0.597915
vn -0.837568 -0.347487 -0.421584
vn -0.900466 -0.113396 -0.419884
vn -0.757065 -0.101095 -0.645470
vn -0.834368 -0.226591 -0.502481
vn -0.834368 -0.226591 -0.502481
vn -0.757065 -0.101095 -0.645470
vn -0.707722 -0.244808 -0.662721
vn -0.714599 -0.658199 0.236900
vn -0.524900 -0.799400 0.292300
vn -0.696395 -0.630495 0.342797
vn -0.696395 -0.630495 0.342797
vn -0.524900 -0.799400 0.292300
vn -0.509990 -0.735286 0.446391
vn -0.509990 -0.735286 0.446391
vn -0.537796 -0.563496 0.627095
vn -0.696395 -0.630495 0.342797
vn -0.696395 -0.630495 0.342797
vn -0.537796 -0.563496 0.627095
vn -0.759799 -0.472499 0.446599
vn -0.759799 -0.472499 0.446599
vn -0.834632 -0.481818 0.266910
vn -0.696395 -0.630495 0.342797
vn -0.696395 -0.630495 0.342797
vn -0.834632 -0.481818 0.266910
vn -0.714599 -0.658199 0.236900
vn -0.900466 -0.113396 -0.419884
vn -0.920003 -0.267201 -0.286701
vn -0.972829 -0.088103 -0.214106
vn -0.972829 -0.088103 -0.214106
vn -0.920003 -0.267201 -0.286701
vn -0.960076 -0.230094 -0.159096
vn -0.900466 -0.113396 -0.419884
vn -0.972829 -0.088103 -0.214106
vn -0.897419 0.032101 -0.440009
vn -0.897419 0.032101 -0.440009
vn -0.972829 -0.088103 -0.214106
vn -0.970220 0.058301 -0.235105
vn -0.551698 0.153499 -0.819797
vn -0.504315 0.429513 -0.749123
vn -0.737390 0.154798 -0.657491
vn -0.737390 0.154798 -0.657491
vn -0.504315 0.429513 -0.749123
vn -0.678693 0.427895 -0.596894
vn -0.678693 0.427895 -0.596894
vn -0.802325 0.428513 -0.415513
vn -0.737390 0.154798 -0.657491
vn -0.737390 0.154798 -0.657491
vn -0.802325 0.428513 -0.415513
vn -0.871369 0.143795 -0.469083
vn -0.802325 0.428513 -0.415513
vn -0.873520 0.427510 -0.232805
vn -0.871369 0.143795 -0.469083
vn -0.871369 0.143795 -0.469083
vn -0.873520 0.427510 -0.232805
vn -0.953420 0.127003 -0.273606
vn -0.802325 0.428513 -0.415513
vn -0.678693 0.427895 -0.596894
vn -0.832130 0.357213 -0.424215
vn -0.832130 0.357213 -0.424215
vn -0.678693 0.427895 -0.596894
vn -0.705976 0.348288 -0.616679
vn -0.832130 0.357213 -0.424215
vn -0.901387 0.367195 -0.229497
vn -0.802325 0.428513 -0.415513
vn -0.802325 0.428513 -0.415513
vn -0.901387 0.367195 -0.229497
vn -0.873520 0.427510 -0.232805
vn -0.926578 0.373191 -0.046699
vn -0.902798 0.426699 -0.053700
vn -0.901387 0.367195 -0.229497
vn -0.901387 0.367195 -0.229497
vn -0.902798 0.426699 -0.053700
vn -0.873520 0.427510 -0.232805
vn -0.901387 0.367195 -0.229497
vn -0.832130 0.357213 -0.424215
vn -0.944497 0.231999 -0.232599
vn -0.944497 0.231999 -0.232599
vn -0.832130 0.357213 -0.424215
vn -0.873313 0.211803 -0.438707
vn -0.901387 0.367195 -0.229497
vn -0.944497 0.231999 -0.232599
vn -0.926578 0.373191 -0.046699
vn -0.926578 0.373191 -0.046699
vn -0.944497 0.231999 -0.232599
vn -0.967951 0.248013 -0.039502
vn -0.956185 0.250396 0.151698
vn -0.916975 0.375590 0.134496
vn -0.967951 0.248013 -0.039502
vn -0.967951 0.248013 -0.039502
vn -0.916975 0.375590 0.134496
vn -0.926578 0.373191 -0.046699
vn -0.944497 0.231999 -0.232599
vn -0.970220 0.058301 -0.235105
vn -0.967951 0.248013 -0.039502
vn -0.967951 0.248013 -0.039502
vn -0.970220 0.058301 -0.235105
vn -0.995718 0.088002 -0.028301
vn -0.967951 0.248013 -0.039502
vn -0.995718 0.088002 -0.028301
vn -0.956185 0.250396 0.151698
vn -0.956185 0.250396 0.151698
vn -0.995718 0.088002 -0.028301
vn -0.980707 0.094901 0.170901
vn -0.919230 0.089503 0.383413
vn -0.900288 0.241897 0.361895
vn -0.980707 0.094901 0.170901
vn -0.980707 0.094901 0.170901
vn -0.900288 0.241897 0.361895
vn -0.956185 0.250396 0.151698
vn -0.995718 0.088002 -0.028301
vn -0.997925 -0.063602 -0.010000
vn -0.980707 0.094901 0.170901
vn -0.980707 0.094901 0.170901
vn -0.997925 -0.063602 -0.010000
vn -0.981236 -0.054302 0.185007
vn -0.980707 0.094901 0.170901
vn -0.981236 -0.054302 0.185007
vn -0.919230 0.089503 0.383413
vn -0.919230 0.089503 0.383413
vn -0.981236 -0.054302 0.185007
vn -0.918167 -0.054798 0.392386
vn -0.795223 -0.058202 0.603517
vn -0.796466 0.082896 0.598974
vn -0.918167 -0.054798 0.392386
vn -0.918167 -0.054798 0.392386
vn -0.796466 0.082896 0.598974
vn -0.919230 0.089503 0.383413
vn -0.981236 -0.054302 0.185007
vn -0.964299 -0.191700 0.182700
vn -0.918167 -0.054798 0.392386
vn -0.918167 -0.054798 0.392386
vn -0.964299 -0.191700 0.182700
vn -0.906003 -0.185001 0.380701
vn -0.918167 -0.054798 0.392386
vn -0.906003 -0.185001 0.380701
vn -0.795223 -0.058202 0.603517
vn -0.795223 -0.058202 0.603517
vn -0.906003 -0.185001 0.380701
vn -0.786261 -0.188091 0.588571
vn -0.599005 -0.216202 0.771006
vn -0.612483 -0.073298 0.787078
vn -0.786261 -0.188091 0.588571
vn -0.786261 -0.188091 0.588571
vn -0.612483 -0.073298 0.787078
vn -0.795223 -0.058202 0.603517
vn -0.786261 -0.188091 0.588571
vn -0.906003 -0.185001 0.380701
vn -0.777119 -0.321208 0.541213
vn -0.777119 -0.321208 0.541213
vn -0.906003 -0.185001 0.380701
vn -0.884899 -0.323100 0.335500
vn -0.786261 -0.188091 0.588571
vn -0.777119 -0.321208 0.541213
vn -0.599005 -0.216202 0.771006
vn -0.599005 -0.216202 0.771006
vn -0.777119 -0.321208 0.541213
vn -0.575510 -0.368606 0.730012
vn -0.342504 -0.434305 0.833109
vn -0.382584 -0.263789 0.885463
vn -0.575510 -0.368606 0.730012
vn -0.575510 -0.368606 0.730012
vn -0.382584 -0.263789 0.885463
vn -0.599005 -0.216202 0.771006
vn -0.575510 -0.368606 0.730012
vn -0.777119 -0.321208 0.541213
vn -0.537796 -0.563496 0.627095
vn -0.537796 -0.563496 0.627095
vn -0.777119 -0.321208 0.541213
vn -0.759799 -0.472499 0.446599
vn -0.575510 -0.368606 0.730012
vn -0.537796 -0.563496 0.627095
vn -0.342504 -0.434305 0.833109
vn -0.342504 -0.434305 0.833109
vn -0.537796 -0.563496 0.627095
vn -0.308607 -0.629013 0.713515
vn -0.146702 -0.652208 0.743709
vn -0.164295 -0.472885 0.865672
vn -0.308607 -0.629013 0.713515
vn -0.308607 -0.629013 0.713515
vn -0.164295 -0.472885 0.865672
vn -0.342504 -0.434305 0.833109
vn -0.308607 -0.629013 0.713515
vn -0.537796 -0.563496 0.627095
vn -0.308107 -0.788218 0.532712
vn -0.308107 -0.788218 0.532712
vn -0.537796 -0.563496 0.627095
vn -0.509990 -0.735286 0.446391
vn -0.308107 -0.788218 0.532712
vn -0.148904 -0.804121 0.575515
vn -0.308607 -0.629013 0.713515
vn -0.308607 -0.629013 0.713515
vn -0.148904 -0.804121 0.575515
vn -0.146702 -0.652208 0.743709
vn 0.000000 -0.809673 0.586881
vn 0.000000 -0.659078 0.752075
vn -0.148904 -0.804121 0.575515
vn -0.148904 -0.804121 0.575515
vn 0.000000 -0.659078 0.752075
vn -0.146702 -0.652208 0.743709
vn -0.148904 -0.804121 0.575515
vn -0.308107 -0.788218 0.532712
vn -0.160395 -0.906872 0.389688
vn -0.160395 -0.906872 0.389688
vn -0.308107 -0.788218 0.532712
vn -0.329302 -0.874704 0.355602
vn 0.000000 -0.915776 0.401689
vn -0.160395 -0.906872 0.389688
vn 0.000000 -0.974361 0.224991
vn 0.000000 -0.974361 0.224991
vn -0.160395 -0.906872 0.389688
vn -0.170704 -0.960925 0.217906
vn -0.170704 -0.960925 0.217906
vn -0.177796 -0.983079 0.044099
vn 0.000000 -0.974361 0.224991
vn 0.000000 -0.974361 0.224991
vn -0.177796 -0.983079 0.044099
vn 0.000000 -0.998960 0.045598
vn 0.000000 -0.998960 0.045598
vn -0.177796 -0.983079 0.044099
vn 0.000000 -0.992319 -0.123702
vn 0.000000 -0.992319 -0.123702
vn -0.177796 -0.983079 0.044099
vn -0.176399 -0.976692 -0.122299
vn 0.000000 -0.992319 -0.123702
vn -0.176399 -0.976692 -0.122299
vn 0.000000 -0.955963 -0.293489
vn 0.000000 -0.955963 -0.293489
vn -0.176399 -0.976692 -0.122299
vn -0.164697 -0.942781 -0.289894
vn 0.000000 -0.955963 -0.293489
vn -0.164697 -0.942781 -0.289894
vn 0.000000 -0.879542 -0.475822
vn 0.000000 -0.879542 -0.475822
vn -0.164697 -0.942781 -0.289894
vn -0.145900 -0.871601 -0.468001
vn -0.145900 -0.871601 -0.468001
vn -0.133496 -0.746478 -0.651881
vn 0.000000 -0.879542 -0.475822
vn 0.000000 -0.879542 -0.475822
vn -0.133496 -0.746478 -0.651881
vn 0.000000 -0.751938 -0.659234
vn -0.133496 -0.746478 -0.651881
vn -0.140106 -0.570822 -0.809032
vn 0.000000 -0.751938 -0.659234
vn 0.000000 -0.751938 -0.659234
vn -0.140106 -0.570822 -0.809032
vn 0.000000 -0.577382 -0.816474
vn -0.140106 -0.570822 -0.809032
vn -0.159501 -0.379102 -0.911505
vn 0.000000 -0.577382 -0.816474
vn 0.000000 -0.577382 -0.816474
vn -0.159501 -0.379102 -0.911505
vn 0.000000 -0.385297 -0.922793
vn -0.159501 -0.379102 -0.911505
vn -0.174409 -0.190610 -0.966048
vn 0.000000 -0.385297 -0.922793
vn 0.000000 -0.385297 -0.922793
vn -0.174409 -0.190610 -0.966048
vn 0.000000 -0.193693 -0.981062
vn -0.174409 -0.190610 -0.966048
vn -0.178296 -0.001100 -0.983976
vn 0.000000 -0.193693 -0.981062
vn 0.000000 -0.193693 -0.981062
vn -0.178296 -0.001100 -0.983976
vn 0.000000 -0.002400 -0.999997
vn -0.178296 -0.001100 -0.983976
vn -0.172408 0.190409 -0.966447
vn 0.000000 -0.002400 -0.999997
vn 0.000000 -0.002400 -0.999997
vn -0.172408 0.190409 -0.966447
vn 0.000000 0.190805 -0.981628
vn 0.000000 0.190805 -0.981628
vn -0.172408 0.190409 -0.966447
vn 0.000000 0.355995 -0.934488
vn 0.000000 0.355995 -0.934488
vn -0.172408 0.190409 -0.966447
vn -0.162204 0.353609 -0.921222
vn -0.162204 0.353609 -0.921222
vn -0.153303 0.441807 -0.883915
vn 0.000000 0.355995 -0.934488
vn 0.000000 0.355995 -0.934488
vn -0.153303 0.441807 -0.883915
vn -0.000100 0.445413 -0.895325
vn -0.153303 0.441807 -0.883915
vn -0.173801 0.127401 -0.976505
vn -0.000100 0.445413 -0.895325
vn -0.000100 0.445413 -0.895325
vn -0.173801 0.127401 -0.976505
vn -0.000100 0.121905 -0.992542
vn -0.000100 0.114996 0.993366
vn -0.208192 0.121895 0.970463
vn 0.000000 0.454080 0.890961
vn 0.000000 0.454080 0.890961
vn -0.208192 0.121895 0.970463
vn -0.179896 0.449889 0.874779
vn -0.179896 0.449889 0.874779
vn -0.187404 0.377808 0.906720
vn 0.000000 0.454080 0.890961
vn 0.000000 0.454080 0.890961
vn -0.187404 0.377808 0.906720
vn 0.000000 0.380322 0.924854
vn -0.187404 0.377808 0.906720
vn -0.197392 0.233291 0.952162
vn 0.000000 0.380322 0.924854
vn 0.000000 0.380322 0.924854
vn -0.197392 0.233291 0.952162
vn 0.000000 0.233301 0.972405
vn -0.197392 0.233291 0.952162
vn -0.204292 0.054998 0.977364
vn 0.000000 0.233301 0.972405
vn 0.000000 0.233301 0.972405
vn -0.204292 0.054998 0.977364
vn 0.000000 0.051100 0.998694
vn 0.000000 0.051100 0.998694
vn -0.204292 0.054998 0.977364
vn 0.000000 -0.129104 0.991631
vn 0.000000 -0.129104 0.991631
vn -0.204292 0.054998 0.977364
vn -0.201905 -0.124003 0.971523
vn 0.000000 -0.129104 0.991631
vn -0.201905 -0.124003 0.971523
vn 0.000000 -0.304413 0.952540
vn 0.000000 -0.304413 0.952540
vn -0.201905 -0.124003 0.971523
vn -0.187690 -0.296684 0.936350
vn 0.000000 -0.304413 0.952540
vn -0.187690 -0.296684 0.936350
vn 0.000000 -0.482184 0.876070
vn 0.000000 -0.482184 0.876070
vn -0.187690 -0.296684 0.936350
vn -0.164295 -0.472885 0.865672
vn -0.164295 -0.472885 0.865672
vn -0.146702 -0.652208 0.743709
vn 0.000000 -0.482184 0.876070
vn 0.000000 -0.482184 0.876070
vn -0.146702 -0.652208 0.743709
vn 0.000000 -0.659078 0.752075
vn -0.187690 -0.296684 0.936350
vn -0.201905 -0.124003 0.971523
vn -0.382584 -0.263789 0.885463
vn -0.382584 -0.263789 0.885463
vn -0.201905 -0.124003 0.971523
vn -0.402791 -0.102098 0.909580
vn -0.382584 -0.263789 0.885463
vn -0.342504 -0.434305 0.833109
vn -0.187690 -0.296684 0.936350
vn -0.187690 -0.296684 0.936350
vn -0.342504 -0.434305 0.833109
vn -0.164295 -0.472885 0.865672
vn -0.201905 -0.124003 0.971523
vn -0.204292 0.054998 0.977364
vn -0.402791 -0.102098 0.909580
vn -0.402791 -0.102098 0.909580
vn -0.204292 0.054998 0.977364
vn -0.406900 0.064400 0.911200
vn -0.402791 -0.102098 0.909580
vn -0.406900 0.064400 0.911200
vn -0.612483 -0.073298 0.787078
vn -0.612483 -0.073298 0.787078
vn -0.406900 0.064400 0.911200
vn -0.615895 0.075599 0.784193
vn -0.612483 -0.073298 0.787078
vn -0.599005 -0.216202 0.771006
vn -0.402791 -0.102098 0.909580
vn -0.402791 -0.102098 0.909580
vn -0.599005 -0.216202 0.771006
vn -0.382584 -0.263789 0.885463
vn -0.406900 0.064400 0.911200
vn -0.397917 0.230710 0.887939
vn -0.615895 0.075599 0.784193
vn -0.615895 0.075599 0.784193
vn -0.397917 0.230710 0.887939
vn -0.605270 0.228689 0.762463
vn -0.615895 0.075599 0.784193
vn -0.605270 0.228689 0.762463
vn -0.796466 0.082896 0.598974
vn -0.796466 0.082896 0.598974
vn -0.605270 0.228689 0.762463
vn -0.782116 0.231805 0.578412
vn -0.796466 0.082896 0.598974
vn -0.795223 -0.058202 0.603517
vn -0.615895 0.075599 0.784193
vn -0.615895 0.075599 0.784193
vn -0.795223 -0.058202 0.603517
vn -0.612483 -0.073298 0.787078
vn -0.605270 0.228689 0.762463
vn -0.582333 0.365921 0.725941
vn -0.782116 0.231805 0.578412
vn -0.782116 0.231805 0.578412
vn -0.582333 0.365921 0.725941
vn -0.752620 0.368010 0.546015
vn -0.782116 0.231805 0.578412
vn -0.752620 0.368010 0.546015
vn -0.900288 0.241897 0.361895
vn -0.900288 0.241897 0.361895
vn -0.752620 0.368010 0.546015
vn -0.864588 0.373895 0.335695
vn -0.900288 0.241897 0.361895
vn -0.919230 0.089503 0.383413
vn -0.782116 0.231805 0.578412
vn -0.782116 0.231805 0.578412
vn -0.919230 0.089503 0.383413
vn -0.796466 0.082896 0.598974
vn -0.752620 0.368010 0.546015
vn -0.734804 0.434302 0.521003
vn -0.864588 0.373895 0.335695
vn -0.864588 0.373895 0.335695
vn -0.734804 0.434302 0.521003
vn -0.843771 0.433385 0.316589
vn -0.864588 0.373895 0.335695
vn -0.843771 0.433385 0.316589
vn -0.916975 0.375590 0.134496
vn -0.916975 0.375590 0.134496
vn -0.843771 0.433385 0.316589
vn -0.894122 0.430111 0.124703
vn -0.916975 0.375590 0.134496
vn -0.956185 0.250396 0.151698
vn -0.864588 0.373895 0.335695
vn -0.864588 0.373895 0.335695
vn -0.956185 0.250396 0.151698
vn -0.900288 0.241897 0.361895
vn -0.843771 0.433385 0.316589
vn -0.929953 0.128794 0.344383
vn -0.894122 0.430111 0.124703
vn -0.894122 0.430111 0.124703
vn -0.929953 0.128794 0.344383
vn -0.983430 0.117204 0.138304
vn -0.894122 0.430111 0.124703
vn -0.983430 0.117204 0.138304
vn -0.902798 0.426699 -0.053700
vn -0.902798 0.426699 -0.053700
vn -0.983430 0.117204 0.138304
vn -0.990819 0.115902 -0.069601
vn -0.902798 0.426699 -0.053700
vn -0.926578 0.373191 -0.046699
vn -0.894122 0.430111 0.124703
vn -0.894122 0.430111 0.124703
vn -0.926578 0.373191 -0.046699
vn -0.916975 0.375590 0.134496
vn -0.953420 0.127003 -0.273606
vn -0.873520 0.427510 -0.232805
vn -0.990819 0.115902 -0.069601
vn -0.990819 0.115902 -0.069601
vn -0.873520 0.427510 -0.232805
vn -0.902798 0.426699 -0.053700
vn -0.929953 0.128794 0.344383
vn -0.843771 0.433385 0.316589
vn -0.810541 0.143107 0.567929
vn -0.810541 0.143107 0.567929
vn -0.843771 0.433385 0.316589
vn -0.734804 0.434302 0.521003
vn -0.810541 0.143107 0.567929
vn -0.734804 0.434302 0.521003
vn -0.625408 0.147602 0.766210
vn -0.625408 0.147602 0.766210
vn -0.734804 0.434302 0.521003
vn -0.564711 0.437609 0.699714
vn -0.367403 0.443504 0.817508
vn -0.415892 0.137997 0.898883
vn -0.564711 0.437609 0.699714
vn -0.564711 0.437609 0.699714
vn -0.415892 0.137997 0.898883
vn -0.625408 0.147602 0.766210
vn -0.734804 0.434302 0.521003
vn -0.752620 0.368010 0.546015
vn -0.564711 0.437609 0.699714
vn -0.564711 0.437609 0.699714
vn -0.752620 0.368010 0.546015
vn -0.582333 0.365921 0.725941
vn -0.564711 0.437609 0.699714
vn -0.582333 0.365921 0.725941
vn -0.367403 0.443504 0.817508
vn -0.367403 0.443504 0.817508
vn -0.582333 0.365921 0.725941
vn -0.380793 0.371193 0.846884
vn -0.380793 0.371193 0.846884
vn -0.187404 0.377808 0.906720
vn -0.367403 0.443504 0.817508
vn -0.367403 0.443504 0.817508
vn -0.187404 0.377808 0.906720
vn -0.179896 0.449889 0.874779
vn -0.582333 0.365921 0.725941
vn -0.605270 0.228689 0.762463
vn -0.380793 0.371193 0.846884
vn -0.380793 0.371193 0.846884
vn -0.605270 0.228689 0.762463
vn -0.397917 0.230710 0.887939
vn -0.380793 0.371193 0.846884
vn -0.397917 0.230710 0.887939
vn -0.187404 0.377808 0.906720
vn -0.187404 0.377808 0.906720
vn -0.397917 0.230710 0.887939
vn -0.197392 0.233291 0.952162
vn -0.367403 0.443504 0.817508
vn -0.179896 0.449889 0.874779
vn -0.415892 0.137997 0.898883
vn -0.415892 0.137997 0.898883
vn -0.179896 0.449889 0.874779
vn -0.208192 0.121895 0.970463
vn -0.397917 0.230710 0.887939
vn -0.406900 0.064400 0.911200
vn -0.197392 0.233291 0.952162
vn -0.197392 0.233291 0.952162
vn -0.406900 0.064400 0.911200
vn -0.204292 0.054998 0.977364
vn -0.173801 0.127401 -0.976505
vn -0.153303 0.441807 -0.883915
vn -0.352389 0.140996 -0.925171
vn -0.352389 0.140996 -0.925171
vn -0.153303 0.441807 -0.883915
vn -0.316105 0.435207 -0.843014
vn -0.504315 0.429513 -0.749123
vn -0.551698 0.153499 -0.819797
vn -0.316105 0.435207 -0.843014
vn -0.316105 0.435207 -0.843014
vn -0.551698 0.153499 -0.819797
vn -0.352389 0.140996 -0.925171
vn -0.153303 0.441807 -0.883915
vn -0.162204 0.353609 -0.921222
vn -0.316105 0.435207 -0.843014
vn -0.316105 0.435207 -0.843014
vn -0.162204 0.353609 -0.921222
vn -0.333420 0.348621 -0.875953
vn -0.316105 0.435207 -0.843014
vn -0.333420 0.348621 -0.875953
vn -0.504315 0.429513 -0.749123
vn -0.504315 0.429513 -0.749123
vn -0.333420 0.348621 -0.875953
vn -0.526991 0.345694 -0.776387
vn -0.526991 0.345694 -0.776387
vn -0.705976 0.348288 -0.616679
vn -0.504315 0.429513 -0.749123
vn -0.504315 0.429513 -0.749123
vn -0.705976 0.348288 -0.616679
vn -0.678693 0.427895 -0.596894
vn -0.526991 0.345694 -0.776387
vn -0.333420 0.348621 -0.875953
vn -0.552193 0.192497 -0.811189
vn -0.552193 0.192497 -0.811189
vn -0.333420 0.348621 -0.875953
vn -0.350409 0.189505 -0.917225
vn -0.552193 0.192497 -0.811189
vn -0.741404 0.198901 -0.640904
vn -0.526991 0.345694 -0.776387
vn -0.526991 0.345694 -0.776387
vn -0.741404 0.198901 -0.640904
vn -0.705976 0.348288 -0.616679
vn -0.741404 0.198901 -0.640904
vn -0.873313 0.211803 -0.438707
vn -0.705976 0.348288 -0.616679
vn -0.705976 0.348288 -0.616679
vn -0.873313 0.211803 -0.438707
vn -0.832130 0.357213 -0.424215
vn -0.741404 0.198901 -0.640904
vn -0.552193 0.192497 -0.811189
vn -0.765500 0.028600 -0.642800
vn -0.765500 0.028600 -0.642800
vn -0.552193 0.192497 -0.811189
vn -0.564199 0.023700 -0.825299
vn -0.765500 0.028600 -0.642800
vn -0.897419 0.032101 -0.440009
vn -0.741404 0.198901 -0.640904
vn -0.741404 0.198901 -0.640904
vn -0.897419 0.032101 -0.440009
vn -0.873313 0.211803 -0.438707
vn -0.765500 0.028600 -0.642800
vn -0.564199 0.023700 -0.825299
vn -0.757065 -0.101095 -0.645470
vn -0.757065 -0.101095 -0.645470
vn -0.564199 0.023700 -0.825299
vn -0.554703 -0.133901 -0.821204
vn -0.765500 0.028600 -0.642800
vn -0.757065 -0.101095 -0.645470
vn -0.897419 0.032101 -0.440009
vn -0.897419 0.032101 -0.440009
vn -0.757065 -0.101095 -0.645470
vn -0.900466 -0.113396 -0.419884
vn -0.564199 0.023700 -0.825299
vn -0.357789 0.007800 -0.933770
vn -0.554703 -0.133901 -0.821204
vn -0.554703 -0.133901 -0.821204
vn -0.357789 0.007800 -0.933770
vn -0.350613 -0.172306 -0.920533
vn -0.554703 -0.133901 -0.821204
vn -0.350613 -0.172306 -0.920533
vn -0.520071 -0.297183 -0.800755
vn -0.520071 -0.297183 -0.800755
vn -0.350613 -0.172306 -0.920533
vn -0.323898 -0.351197 -0.878493
vn -0.520071 -0.297183 -0.800755
vn -0.707722 -0.244808 -0.662721
vn -0.554703 -0.133901 -0.821204
vn -0.554703 -0.133901 -0.821204
vn -0.707722 -0.244808 -0.662721
vn -0.757065 -0.101095 -0.645470
vn -0.520071 -0.297183 -0.800755
vn -0.323898 -0.351197 -0.878493
vn -0.480794 -0.488294 -0.728290
vn -0.480794 -0.488294 -0.728290
vn -0.323898 -0.351197 -0.878493
vn -0.286207 -0.544213 -0.788618
vn -0.480794 -0.488294 -0.728290
vn -0.684117 -0.417710 -0.597915
vn -0.520071 -0.297183 -0.800755
vn -0.520071 -0.297183 -0.800755
vn -0.684117 -0.417710 -0.597915
vn -0.707722 -0.244808 -0.662721
vn -0.480794 -0.488294 -0.728290
vn -0.286207 -0.544213 -0.788618
vn -0.465797 -0.677195 -0.569596
vn -0.465797 -0.677195 -0.569596
vn -0.286207 -0.544213 -0.788618
vn -0.272898 -0.728195 -0.628696
vn -0.465797 -0.677195 -0.569596
vn -0.675398 -0.567698 -0.470698
vn -0.480794 -0.488294 -0.728290
vn -0.480794 -0.488294 -0.728290
vn -0.675398 -0.567698 -0.470698
vn -0.684117 -0.417710 -0.597915
vn -0.272898 -0.728195 -0.628696
vn -0.296091 -0.848873 -0.437886
vn -0.465797 -0.677195 -0.569596
vn -0.465797 -0.677195 -0.569596
vn -0.296091 -0.848873 -0.437886
vn -0.482420 -0.791033 -0.376216
vn -0.465797 -0.677195 -0.569596
vn -0.482420 -0.791033 -0.376216
vn -0.675398 -0.567698 -0.470698
vn -0.675398 -0.567698 -0.470698
vn -0.482420 -0.791033 -0.376216
vn -0.659779 -0.683678 -0.311890
vn -0.296091 -0.848873 -0.437886
vn -0.328104 -0.906210 -0.266703
vn -0.482420 -0.791033 -0.376216
vn -0.482420 -0.791033 -0.376216
vn -0.328104 -0.906210 -0.266703
vn -0.507121 -0.832335 -0.223709
vn -0.482420 -0.791033 -0.376216
vn -0.507121 -0.832335 -0.223709
vn -0.659779 -0.683678 -0.311890
vn -0.659779 -0.683678 -0.311890
vn -0.507121 -0.832335 -0.223709
vn -0.676136 -0.713738 -0.182810
vn -0.328104 -0.906210 -0.266703
vn -0.344509 -0.932126 -0.111603
vn -0.507121 -0.832335 -0.223709
vn -0.507121 -0.832335 -0.223709
vn -0.344509 -0.932126 -0.111603
vn -0.522995 -0.847192 -0.093499
vn -0.507121 -0.832335 -0.223709
vn -0.522995 -0.847192 -0.093499
vn -0.676136 -0.713738 -0.182810
vn -0.676136 -0.713738 -0.182810
vn -0.522995 -0.847192 -0.093499
vn -0.695999 -0.713299 -0.082400
vn -0.832830 -0.546520 -0.087803
vn -0.818798 -0.546599 -0.175500
vn -0.695999 -0.713299 -0.082400
vn -0.695999 -0.713299 -0.082400
vn -0.818798 -0.546599 -0.175500
vn -0.676136 -0.713738 -0.182810
vn -0.522995 -0.847192 -0.093499
vn -0.530893 -0.846989 0.027600
vn -0.695999 -0.713299 -0.082400
vn -0.695999 -0.713299 -0.082400
vn -0.530893 -0.846989 0.027600
vn -0.706879 -0.707079 0.018999
vn -0.695999 -0.713299 -0.082400
vn -0.706879 -0.707079 0.018999
vn -0.832830 -0.546520 -0.087803
vn -0.832830 -0.546520 -0.087803
vn -0.706879 -0.707079 0.018999
vn -0.843187 -0.537392 0.015700
vn -0.843187 -0.537392 0.015700
vn -0.844569 -0.518281 0.134495
vn -0.931580 -0.363292 0.013300
vn -0.931580 -0.363292 0.013300
vn -0.844569 -0.518281 0.134495
vn -0.924965 -0.344687 0.160094
vn -0.931580 -0.363292 0.013300
vn -0.918329 -0.379612 -0.112104
vn -0.843187 -0.537392 0.015700
vn -0.843187 -0.537392 0.015700
vn -0.918329 -0.379612 -0.112104
vn -0.832830 -0.546520 -0.087803
vn -0.706879 -0.707079 0.018999
vn -0.712115 -0.689214 0.133703
vn -0.843187 -0.537392 0.015700
vn -0.843187 -0.537392 0.015700
vn -0.712115 -0.689214 0.133703
vn -0.844569 -0.518281 0.134495
vn -0.712115 -0.689214 0.133703
vn -0.706879 -0.707079 0.018999
vn -0.534589 -0.829983 0.159197
vn -0.534589 -0.829983 0.159197
vn -0.706879 -0.707079 0.018999
vn -0.530893 -0.846989 0.027600
vn -0.534589 -0.829983 0.159197
vn -0.524900 -0.799400 0.292300
vn -0.712115 -0.689214 0.133703
vn -0.712115 -0.689214 0.133703
vn -0.524900 -0.799400 0.292300
vn -0.714599 -0.658199 0.236900
vn -0.712115 -0.689214 0.133703
vn -0.714599 -0.658199 0.236900
vn -0.844569 -0.518281 0.134495
vn -0.844569 -0.518281 0.134495
vn -0.714599 -0.658199 0.236900
vn -0.834632 -0.481818 0.266910
vn -0.534589 -0.829983 0.159197
vn -0.530893 -0.846989 0.027600
vn -0.343203 -0.919008 0.194002
vn -0.343203 -0.919008 0.194002
vn -0.530893 -0.846989 0.027600
vn -0.348600 -0.936501 0.038000
vn -0.534589 -0.829983 0.159197
vn -0.343203 -0.919008 0.194002
vn -0.524900 -0.799400 0.292300
vn -0.524900 -0.799400 0.292300
vn -0.343203 -0.919008 0.194002
vn -0.329302 -0.874704 0.355602
vn -0.343203 -0.919008 0.194002
vn -0.348600 -0.936501 0.038000
vn -0.170704 -0.960925 0.217906
vn -0.170704 -0.960925 0.217906
vn -0.348600 -0.936501 0.038000
vn -0.177796 -0.983079 0.044099
vn -0.343203 -0.919008 0.194002
vn -0.170704 -0.960925 0.217906
vn -0.329302 -0.874704 0.355602
vn -0.329302 -0.874704 0.355602
vn -0.170704 -0.960925 0.217906
vn -0.160395 -0.906872 0.389688
vn -0.530893 -0.846989 0.027600
vn -0.522995 -0.847192 -0.093499
vn -0.348600 -0.936501 0.038000
vn -0.348600 -0.936501 0.038000
vn -0.522995 -0.847192 -0.093499
vn -0.344509 -0.932126 -0.111603
vn -0.348600 -0.936501 0.038000
vn -0.344509 -0.932126 -0.111603
vn -0.177796 -0.983079 0.044099
vn -0.177796 -0.983079 0.044099
vn -0.344509 -0.932126 -0.111603
vn -0.176399 -0.976692 -0.122299
vn -0.931580 -0.363292 0.013300
vn -0.978082 -0.208096 0.007200
vn -0.918329 -0.379612 -0.112104
vn -0.918329 -0.379612 -0.112104
vn -0.978082 -0.208096 0.007200
vn -0.960076 -0.230094 -0.159096
vn -0.918329 -0.379612 -0.112104
vn -0.960076 -0.230094 -0.159096
vn -0.891403 -0.393701 -0.224501
vn -0.891403 -0.393701 -0.224501
vn -0.960076 -0.230094 -0.159096
vn -0.920003 -0.267201 -0.286701
vn -0.918329 -0.379612 -0.112104
vn -0.891403 -0.393701 -0.224501
vn -0.832830 -0.546520 -0.087803
vn -0.832830 -0.546520 -0.087803
vn -0.891403 -0.393701 -0.224501
vn -0.818798 -0.546599 -0.175500
vn -0.964299 -0.191700 0.182700
vn -0.981236 -0.054302 0.185007
vn -0.978082 -0.208096 0.007200
vn -0.978082 -0.208096 0.007200
vn -0.981236 -0.054302 0.185007
vn -0.997925 -0.063602 -0.010000
vn -0.978082 -0.208096 0.007200
vn -0.997925 -0.063602 -0.010000
vn -0.960076 -0.230094 -0.159096
vn -0.960076 -0.230094 -0.159096
vn -0.997925 -0.063602 -0.010000
vn -0.972829 -0.088103 -0.214106
vn -0.931580 -0.363292 0.013300
vn -0.924965 -0.344687 0.160094
vn -0.978082 -0.208096 0.007200
vn -0.978082 -0.208096 0.007200
vn -0.924965 -0.344687 0.160094
vn -0.964299 -0.191700 0.182700
vn -0.924965 -0.344687 0.160094
vn -0.884899 -0.323100 0.335500
vn -0.964299 -0.191700 0.182700
vn -0.964299 -0.191700 0.182700
vn -0.884899 -0.323100 0.335500
vn -0.906003 -0.185001 0.380701
vn -0.844569 -0.518281 0.134495
vn -0.834632 -0.481818 0.266910
vn -0.924965 -0.344687 0.160094
vn -0.924965 -0.344687 0.160094
vn -0.834632 -0.481818 0.266910
vn -0.884899 -0.323100 0.335500
vn -0.344509 -0.932126 -0.111603
vn -0.328104 -0.906210 -0.266703
vn -0.176399 -0.976692 -0.122299
vn -0.176399 -0.976692 -0.122299
vn -0.328104 -0.906210 -0.266703
vn -0.164697 -0.942781 -0.289894
vn -0.328104 -0.906210 -0.266703
vn -0.296091 -0.848873 -0.437886
vn -0.164697 -0.942781 -0.289894
vn -0.164697 -0.942781 -0.289894
vn -0.296091 -0.848873 -0.437886
vn -0.145900 -0.871601 -0.468001
vn -0.296091 -0.848873 -0.437886
vn -0.272898 -0.728195 -0.628696
vn -0.145900 -0.871601 -0.468001
vn -0.145900 -0.871601 -0.468001
vn -0.272898 -0.728195 -0.628696
vn -0.133496 -0.746478 -0.651881
vn -0.286207 -0.544213 -0.788618
vn -0.140106 -0.570822 -0.809032
vn -0.272898 -0.728195 -0.628696
vn -0.272898 -0.728195 -0.628696
vn -0.140106 -0.570822 -0.809032
vn -0.133496 -0.746478 -0.651881
vn -0.323898 -0.351197 -0.878493
vn -0.159501 -0.379102 -0.911505
vn -0.286207 -0.544213 -0.788618
vn -0.286207 -0.544213 -0.788618
vn -0.159501 -0.379102 -0.911505
vn -0.140106 -0.570822 -0.809032
vn -0.350613 -0.172306 -0.920533
vn -0.174409 -0.190610 -0.966048
vn -0.323898 -0.351197 -0.878493
vn -0.323898 -0.351197 -0.878493
vn -0.174409 -0.190610 -0.966048
vn -0.159501 -0.379102 -0.911505
vn -0.357789 0.007800 -0.933770
vn -0.178296 -0.001100 -0.983976
vn -0.350613 -0.172306 -0.920533
vn -0.350613 -0.172306 -0.920533
vn -0.178296 -0.001100 -0.983976
vn -0.174409 -0.190610 -0.966048
vn -0.357789 0.007800 -0.933770
vn -0.564199 0.023700 -0.825299
vn -0.350409 0.189505 -0.917225
vn -0.350409 0.189505 -0.917225
vn -0.564199 0.023700 -0.825299
vn -0.552193 0.192497 -0.811189
vn -0.350409 0.189505 -0.917225
vn -0.172408 0.190409 -0.966447
vn -0.357789 0.007800 -0.933770
vn -0.357789 0.007800 -0.933770
vn -0.172408 0.190409 -0.966447
vn -0.178296 -0.001100 -0.983976
vn -0.333420 0.348621 -0.875953
vn -0.162204 0.353609 -0.921222
vn -0.350409 0.189505 -0.917225
vn -0.350409 0.189505 -0.917225
vn -0.162204 0.353609 -0.921222
vn -0.172408 0.190409 -0.966447
vn -0.308107 -0.788218 0.532712
vn -0.509990 -0.735286 0.446391
vn -0.329302 -0.874704 0.355602
vn -0.329302 -0.874704 0.355602
vn -0.509990 -0.735286 0.446391
vn -0.524900 -0.799400 0.292300
vn -0.777119 -0.321208 0.541213
vn -0.884899 -0.323100 0.335500
vn -0.759799 -0.472499 0.446599
vn -0.759799 -0.472499 0.446599
vn -0.884899 -0.323100 0.335500
vn -0.834632 -0.481818 0.266910
vn -0.997925 -0.063602 -0.010000
vn -0.995718 0.088002 -0.028301
vn -0.972829 -0.088103 -0.214106
vn -0.972829 -0.088103 -0.214106
vn -0.995718 0.088002 -0.028301
vn -0.970220 0.058301 -0.235105
vn -0.944497 0.231999 -0.232599
vn -0.873313 0.211803 -0.438707
vn -0.970220 0.058301 -0.235105
vn -0.970220 0.058301 -0.235105
vn -0.873313 0.211803 -0.438707
vn -0.897419 0.032101 -0.440009
vn -0.684117 -0.417710 -0.597915
vn -0.675398 -0.567698 -0.470698
vn -0.837568 -0.347487 -0.421584
vn -0.837568 -0.347487 -0.421584
vn -0.675398 -0.567698 -0.470698
vn -0.827971 -0.437185 -0.351188
vn -0.837568 -0.347487 -0.421584
vn -0.827971 -0.437185 -0.351188
vn -0.920003 -0.267201 -0.286701
vn -0.920003 -0.267201 -0.286701
vn -0.827971 -0.437185 -0.351188
vn -0.891403 -0.393701 -0.224501
vn 0.000000 -0.809673 0.586881
vn -0.148904 -0.804121 0.575515
vn 0.000000 -0.915776 0.401689
vn 0.000000 -0.915776 0.401689
vn -0.148904 -0.804121 0.575515
vn -0.160395 -0.906872 0.389688
vn 0.818798 -0.546599 -0.175500
vn 0.676136 -0.713738 -0.182810
vn 0.791368 -0.549178 -0.268589
vn 0.791368 -0.549178 -0.268589
vn 0.676136 -0.713738 -0.182810
vn 0.659779 -0.683678 -0.311890
vn 0.659779 -0.683678 -0.311890
vn 0.675398 -0.567698 -0.470698
vn 0.791368 -0.549178 -0.268589
vn 0.791368 -0.549178 -0.268589
vn 0.675398 -0.567698 -0.470698
vn 0.827971 -0.437185 -0.351188
vn 0.791368 -0.549178 -0.268589
vn 0.827971 -0.437185 -0.351188
vn 0.818798 -0.546599 -0.175500
vn 0.818798 -0.546599 -0.175500
vn 0.827971 -0.437185 -0.351188
vn 0.891403 -0.393701 -0.224501
vn 0.900466 -0.113396 -0.419884
vn 0.920003 -0.267201 -0.286701
vn 0.834368 -0.226591 -0.502481
vn 0.834368 -0.226591 -0.502481
vn 0.920003 -0.267201 -0.286701
vn 0.837568 -0.347487 -0.421584
vn 0.837568 -0.347487 -0.421584
vn 0.684117 -0.417710 -0.597915
vn 0.834368 -0.226591 -0.502481
vn 0.834368 -0.226591 -0.502481
vn 0.684117 -0.417710 -0.597915
vn 0.707722 -0.244808 -0.662721
vn 0.707722 -0.244808 -0.662721
vn 0.757065 -0.101095 -0.645470
vn 0.834368 -0.226591 -0.502481
vn 0.834368 -0.226591 -0.502481
vn 0.757065 -0.101095 -0.645470
vn 0.900466 -0.113396 -0.419884
vn 0.509990 -0.735286 0.446391
vn 0.524900 -0.799400 0.292300
vn 0.696395 -0.630495 0.342797
vn 0.696395 -0.630495 0.342797
vn 0.524900 -0.799400 0.292300
vn 0.714599 -0.658199 0.236900
vn 0.759799 -0.472499 0.446599
vn 0.537796 -0.563496 0.627095
vn 0.696395 -0.630495 0.342797
vn 0.696395 -0.630495 0.342797
vn 0.537796 -0.563496 0.627095
vn 0.509990 -0.735286 0.446391
vn 0.714599 -0.658199 0.236900
vn 0.834632 -0.481818 0.266910
vn 0.696395 -0.630495 0.342797
vn 0.696395 -0.630495 0.342797
vn 0.834632 -0.481818 0.266910
vn 0.759799 -0.472499 0.446599
vn 0.900466 -0.113396 -0.419884
vn 0.972829 -0.088103 -0.214106
vn 0.920003 -0.267201 -0.286701
vn 0.920003 -0.267201 -0.286701
vn 0.972829 -0.088103 -0.214106
vn 0.960076 -0.230094 -0.159096
vn 0.900466 -0.113396 -0.419884
vn 0.897419 0.032101 -0.440009
vn 0.972829 -0.088103 -0.214106
vn 0.972829 -0.088103 -0.214106
vn 0.897419 0.032101 -0.440009
vn 0.970220 0.058301 -0.235105
vn 0.678787 0.427892 -0.596789
vn 0.504508 0.429307 -0.749111
vn 0.737484 0.154797 -0.657386
vn 0.737484 0.154797 -0.657386
vn 0.504508 0.429307 -0.749111
vn 0.551891 0.153397 -0.819686
vn 0.871410 0.143802 -0.469005
vn 0.802360 0.428578 -0.415379
vn 0.737484 0.154797 -0.657386
vn 0.737484 0.154797 -0.657386
vn 0.802360 0.428578 -0.415379
vn 0.678787 0.427892 -0.596789
vn 0.802360 0.428578 -0.415379
vn 0.871410 0.143802 -0.469005
vn 0.873500 0.427500 -0.232900
vn 0.873500 0.427500 -0.232900
vn 0.871410 0.143802 -0.469005
vn 0.953420 0.127003 -0.273606
vn 0.802360 0.428578 -0.415379
vn 0.832095 0.357198 -0.424297
vn 0.678787 0.427892 -0.596789
vn 0.678787 0.427892 -0.596789
vn 0.832095 0.357198 -0.424297
vn 0.705945 0.348422 -0.616639
vn 0.873500 0.427500 -0.232900
vn 0.901400 0.367100 -0.229600
vn 0.802360 0.428578 -0.415379
vn 0.802360 0.428578 -0.415379
vn 0.901400 0.367100 -0.229600
vn 0.832095 0.357198 -0.424297
vn 0.873500 0.427500 -0.232900
vn 0.902894 0.426497 -0.053700
vn 0.901400 0.367100 -0.229600
vn 0.901400 0.367100 -0.229600
vn 0.902894 0.426497 -0.053700
vn 0.926613 0.373105 -0.046701
vn 0.901400 0.367100 -0.229600
vn 0.944475 0.231994 -0.232694
vn 0.832095 0.357198 -0.424297
vn 0.832095 0.357198 -0.424297
vn 0.944475 0.231994 -0.232694
vn 0.873313 0.211803 -0.438707
vn 0.901400 0.367100 -0.229600
vn 0.926613 0.373105 -0.046701
vn 0.944475 0.231994 -0.232694
vn 0.944475 0.231994 -0.232694
vn 0.926613 0.373105 -0.046701
vn 0.967951 0.248013 -0.039502
vn 0.926613 0.373105 -0.046701
vn 0.917044 0.375418 0.134506
vn 0.967951 0.248013 -0.039502
vn 0.967951 0.248013 -0.039502
vn 0.917044 0.375418 0.134506
vn 0.956209 0.250302 0.151701
vn 0.995721 0.088002 -0.028201
vn 0.970220 0.058301 -0.235105
vn 0.967951 0.248013 -0.039502
vn 0.967951 0.248013 -0.039502
vn 0.970220 0.058301 -0.235105
vn 0.944475 0.231994 -0.232694
vn 0.967951 0.248013 -0.039502
vn 0.956209 0.250302 0.151701
vn 0.995721 0.088002 -0.028201
vn 0.995721 0.088002 -0.028201
vn 0.956209 0.250302 0.151701
vn 0.980690 0.094899 0.170998
vn 0.956209 0.250302 0.151701
vn 0.900309 0.241803 0.361904
vn 0.980690 0.094899 0.170998
vn 0.980690 0.094899 0.170998
vn 0.900309 0.241803 0.361904
vn 0.919230 0.089503 0.383413
vn 0.981230 -0.054402 0.185006
vn 0.997925 -0.063602 -0.010000
vn 0.980690 0.094899 0.170998
vn 0.980690 0.094899 0.170998
vn 0.997925 -0.063602 -0.010000
vn 0.995721 0.088002 -0.028201
vn 0.980690 0.094899 0.170998
vn 0.919230 0.089503 0.383413
vn 0.981230 -0.054402 0.185006
vn 0.981230 -0.054402 0.185006
vn 0.919230 0.089503 0.383413
vn 0.918167 -0.054798 0.392386
vn 0.919230 0.089503 0.383413
vn 0.796520 0.082802 0.598915
vn 0.918167 -0.054798 0.392386
vn 0.918167 -0.054798 0.392386
vn 0.796520 0.082802 0.598915
vn 0.795175 -0.058198 0.603581
vn 0.906037 -0.185008 0.380616
vn 0.964299 -0.191700 0.182700
vn 0.918167 -0.054798 0.392386
vn 0.918167 -0.054798 0.392386
vn 0.964299 -0.191700 0.182700
vn 0.981230 -0.054402 0.185006
vn 0.918167 -0.054798 0.392386
vn 0.795175 -0.058198 0.603581
vn 0.906037 -0.185008 0.380616
vn 0.906037 -0.185008 0.380616
vn 0.795175 -0.058198 0.603581
vn 0.786177 -0.188094 0.588682
vn 0.795175 -0.058198 0.603581
vn 0.612483 -0.073298 0.787078
vn 0.786177 -0.188094 0.588682
vn 0.786177 -0.188094 0.588682
vn 0.612483 -0.073298 0.787078
vn 0.599005 -0.216202 0.771006
vn 0.786177 -0.188094 0.588682
vn 0.777119 -0.321208 0.541213
vn 0.906037 -0.185008 0.380616
vn 0.906037 -0.185008 0.380616
vn 0.777119 -0.321208 0.541213
vn 0.884899 -0.323100 0.335500
vn 0.786177 -0.188094 0.588682
vn 0.599005 -0.216202 0.771006
vn 0.777119 -0.321208 0.541213
vn 0.777119 -0.321208 0.541213
vn 0.599005 -0.216202 0.771006
vn 0.575510 -0.368606 0.730012
vn 0.599005 -0.216202 0.771006
vn 0.382618 -0.263812 0.885441
vn 0.575510 -0.368606 0.730012
vn 0.575510 -0.368606 0.730012
vn 0.382618 -0.263812 0.885441
vn 0.342504 -0.434305 0.833109
vn 0.575510 -0.368606 0.730012
vn 0.537796 -0.563496 0.627095
vn 0.777119 -0.321208 0.541213
vn 0.777119 -0.321208 0.541213
vn 0.537796 -0.563496 0.627095
vn 0.759799 -0.472499 0.446599
vn 0.575510 -0.368606 0.730012
vn 0.342504 -0.434305 0.833109
vn 0.537796 -0.563496 0.627095
vn 0.537796 -0.563496 0.627095
vn 0.342504 -0.434305 0.833109
vn 0.308607 -0.629013 0.713515
vn 0.342504 -0.434305 0.833109
vn 0.164204 -0.473011 0.865620
vn 0.308607 -0.629013 0.713515
vn 0.308607 -0.629013 0.713515
vn 0.164204 -0.473011 0.865620
vn 0.146702 -0.652208 0.743709
vn 0.308607 -0.629013 0.713515
vn 0.308198 -0.788194 0.532696
vn 0.537796 -0.563496 0.627095
vn 0.537796 -0.563496 0.627095
vn 0.308198 -0.788194 0.532696
vn 0.509990 -0.735286 0.446391
vn 0.146702 -0.652208 0.743709
vn 0.148895 -0.804074 0.575582
vn 0.308607 -0.629013 0.713515
vn 0.308607 -0.629013 0.713515
vn 0.148895 -0.804074 0.575582
vn 0.308198 -0.788194 0.532696
vn 0.146702 -0.652208 0.743709
vn 0.000000 -0.659078 0.752075
vn 0.148895 -0.804074 0.575582
vn 0.148895 -0.804074 0.575582
vn 0.000000 -0.659078 0.752075
vn 0.000000 -0.809673 0.586881
vn 0.148895 -0.804074 0.575582
vn 0.160410 -0.906854 0.389723
vn 0.308198 -0.788194 0.532696
vn 0.308198 -0.788194 0.532696
vn 0.160410 -0.906854 0.389723
vn 0.329302 -0.874704 0.355602
vn 0.000000 -0.915776 0.401689
vn 0.000000 -0.974361 0.224991
vn 0.160410 -0.906854 0.389723
vn 0.160410 -0.906854 0.389723
vn 0.000000 -0.974361 0.224991
vn 0.170704 -0.960925 0.217906
vn 0.000000 -0.998960 0.045598
vn 0.177796 -0.983079 0.044099
vn 0.000000 -0.974361 0.224991
vn 0.000000 -0.974361 0.224991
vn 0.177796 -0.983079 0.044099
vn 0.170704 -0.960925 0.217906
vn 0.000000 -0.998960 0.045598
vn 0.000000 -0.992319 -0.123702
vn 0.177796 -0.983079 0.044099
vn 0.177796 -0.983079 0.044099
vn 0.000000 -0.992319 -0.123702
vn 0.176399 -0.976692 -0.122299
vn 0.000000 -0.992319 -0.123702
vn 0.000000 -0.955963 -0.293489
vn 0.176399 -0.976692 -0.122299
vn 0.176399 -0.976692 -0.122299
vn 0.000000 -0.955963 -0.293489
vn 0.164799 -0.942793 -0.289798
vn 0.000000 -0.955963 -0.293489
vn 0.000000 -0.879542 -0.475822
vn 0.164799 -0.942793 -0.289798
vn 0.164799 -0.942793 -0.289798
vn 0.000000 -0.879542 -0.475822
vn 0.145704 -0.871627 -0.468014
vn 0.000000 -0.751938 -0.659234
vn 0.133398 -0.746488 -0.651890
vn 0.000000 -0.879542 -0.475822
vn 0.000000 -0.879542 -0.475822
vn 0.133398 -0.746488 -0.651890
vn 0.145704 -0.871627 -0.468014
vn 0.000000 -0.577382 -0.816474
vn 0.140106 -0.570822 -0.809032
vn 0.000000 -0.751938 -0.659234
vn 0.000000 -0.751938 -0.659234
vn 0.140106 -0.570822 -0.809032
vn 0.133398 -0.746488 -0.651890
vn 0.000000 -0.385297 -0.922793
vn 0.159598 -0.379096 -0.911490
vn 0.000000 -0.577382 -0.816474
vn 0.000000 -0.577382 -0.816474
vn 0.159598 -0.379096 -0.911490
vn 0.140106 -0.570822 -0.809032
vn 0.000000 -0.193693 -0.981062
vn 0.174405 -0.190706 -0.966030
vn 0.000000 -0.385297 -0.922793
vn 0.000000 -0.385297 -0.922793
vn 0.174405 -0.190706 -0.966030
vn 0.159598 -0.379096 -0.911490
vn 0.000000 -0.002400 -0.999997
vn 0.178393 -0.000400 -0.983959
vn 0.000000 -0.193693 -0.981062
vn 0.000000 -0.193693 -0.981062
vn 0.178393 -0.000400 -0.983959
vn 0.174405 -0.190706 -0.966030
vn 0.000000 0.190805 -0.981628
vn 0.172408 0.190409 -0.966447
vn 0.000000 -0.002400 -0.999997
vn 0.000000 -0.002400 -0.999997
vn 0.172408 0.190409 -0.966447
vn 0.178393 -0.000400 -0.983959
vn 0.000000 0.190805 -0.981628
vn 0.000000 0.355995 -0.934488
vn 0.172408 0.190409 -0.966447
vn 0.172408 0.190409 -0.966447
vn 0.000000 0.355995 -0.934488
vn 0.162092 0.353582 -0.921252
vn -0.000100 0.445413 -0.895325
vn 0.153100 0.441901 -0.883903
vn 0.000000 0.355995 -0.934488
vn 0.000000 0.355995 -0.934488
vn 0.153100 0.441901 -0.883903
vn 0.162092 0.353582 -0.921252
vn -0.000100 0.121905 -0.992542
vn 0.173495 0.127296 -0.976573
vn -0.000100 0.445413 -0.895325
vn -0.000100 0.445413 -0.895325
vn 0.173495 0.127296 -0.976573
vn 0.153100 0.441901 -0.883903
vn -0.000100 0.114996 0.993366
vn 0.000000 0.454080 0.890961
vn 0.208101 0.121701 0.970507
vn 0.208101 0.121701 0.970507
vn 0.000000 0.454080 0.890961
vn 0.179896 0.449889 0.874779
vn 0.000000 0.380322 0.924854
vn 0.187404 0.377808 0.906720
vn 0.000000 0.454080 0.890961
vn 0.000000 0.454080 0.890961
vn 0.187404 0.377808 0.906720
vn 0.179896 0.449889 0.874779
vn 0.000000 0.233301 0.972405
vn 0.197392 0.233291 0.952162
vn 0.000000 0.380322 0.924854
vn 0.000000 0.380322 0.924854
vn 0.197392 0.233291 0.952162
vn 0.187404 0.377808 0.906720
vn 0.000000 0.051100 0.998694
vn 0.204392 0.054698 0.977360
vn 0.000000 0.233301 0.972405
vn 0.000000 0.233301 0.972405
vn 0.204392 0.054698 0.977360
vn 0.197392 0.233291 0.952162
vn 0.000000 0.051100 0.998694
vn 0.000000 -0.129104 0.991631
vn 0.204392 0.054698 0.977360
vn 0.204392 0.054698 0.977360
vn 0.000000 -0.129104 0.991631
vn 0.201905 -0.124003 0.971523
vn 0.000000 -0.129104 0.991631
vn 0.000000 -0.304413 0.952540
vn 0.201905 -0.124003 0.971523
vn 0.201905 -0.124003 0.971523
vn 0.000000 -0.304413 0.952540
vn 0.187690 -0.296684 0.936350
vn 0.000000 -0.304413 0.952540
vn 0.000000 -0.482184 0.876070
vn 0.187690 -0.296684 0.936350
vn 0.187690 -0.296684 0.936350
vn 0.000000 -0.482184 0.876070
vn 0.164204 -0.473011 0.865620
vn 0.000000 -0.659078 0.752075
vn 0.146702 -0.652208 0.743709
vn 0.000000 -0.482184 0.876070
vn 0.000000 -0.482184 0.876070
vn 0.146702 -0.652208 0.743709
vn 0.164204 -0.473011 0.865620
vn 0.187690 -0.296684 0.936350
vn 0.382618 -0.263812 0.885441
vn 0.201905 -0.124003 0.971523
vn 0.201905 -0.124003 0.971523
vn 0.382618 -0.263812 0.885441
vn 0.402911 -0.102103 0.909526
vn 0.164204 -0.473011 0.865620
vn 0.342504 -0.434305 0.833109
vn 0.187690 -0.296684 0.936350
vn 0.187690 -0.296684 0.936350
vn 0.342504 -0.434305 0.833109
vn 0.382618 -0.263812 0.885441
vn 0.407018 0.064503 0.911140
vn 0.204392 0.054698 0.977360
vn 0.402911 -0.102103 0.909526
vn 0.402911 -0.102103 0.909526
vn 0.204392 0.054698 0.977360
vn 0.201905 -0.124003 0.971523
vn 0.402911 -0.102103 0.909526
vn 0.612483 -0.073298 0.787078
vn 0.407018 0.064503 0.911140
vn 0.407018 0.064503 0.911140
vn 0.612483 -0.073298 0.787078
vn 0.615895 0.075599 0.784193
vn 0.382618 -0.263812 0.885441
vn 0.599005 -0.216202 0.771006
vn 0.402911 -0.102103 0.909526
vn 0.402911 -0.102103 0.909526
vn 0.599005 -0.216202 0.771006
vn 0.612483 -0.073298 0.787078
vn 0.605298 0.228499 0.762498
vn 0.397917 0.230710 0.887939
vn 0.615895 0.075599 0.784193
vn 0.615895 0.075599 0.784193
vn 0.397917 0.230710 0.887939
vn 0.407018 0.064503 0.911140
vn 0.615895 0.075599 0.784193
vn 0.796520 0.082802 0.598915
vn 0.605298 0.228499 0.762498
vn 0.605298 0.228499 0.762498
vn 0.796520 0.082802 0.598915
vn 0.782312 0.231903 0.578109
vn 0.612483 -0.073298 0.787078
vn 0.795175 -0.058198 0.603581
vn 0.615895 0.075599 0.784193
vn 0.615895 0.075599 0.784193
vn 0.795175 -0.058198 0.603581
vn 0.796520 0.082802 0.598915
vn 0.752677 0.368089 0.545883
vn 0.582291 0.365894 0.725988
vn 0.782312 0.231903 0.578109
vn 0.782312 0.231903 0.578109
vn 0.582291 0.365894 0.725988
vn 0.605298 0.228499 0.762498
vn 0.782312 0.231903 0.578109
vn 0.900309 0.241803 0.361904
vn 0.752677 0.368089 0.545883
vn 0.752677 0.368089 0.545883
vn 0.900309 0.241803 0.361904
vn 0.864677 0.373690 0.335691
vn 0.796520 0.082802 0.598915
vn 0.919230 0.089503 0.383413
vn 0.782312 0.231903 0.578109
vn 0.782312 0.231903 0.578109
vn 0.919230 0.089503 0.383413
vn 0.900309 0.241803 0.361904
vn 0.843807 0.433304 0.316603
vn 0.734760 0.434176 0.521171
vn 0.864677 0.373690 0.335691
vn 0.864677 0.373690 0.335691
vn 0.734760 0.434176 0.521171
vn 0.752677 0.368089 0.545883
vn 0.864677 0.373690 0.335691
vn 0.917044 0.375418 0.134506
vn 0.843807 0.433304 0.316603
vn 0.843807 0.433304 0.316603
vn 0.917044 0.375418 0.134506
vn 0.894192 0.429996 0.124599
vn 0.900309 0.241803 0.361904
vn 0.956209 0.250302 0.151701
vn 0.864677 0.373690 0.335691
vn 0.864677 0.373690 0.335691
vn 0.956209 0.250302 0.151701
vn 0.917044 0.375418 0.134506
vn 0.983613 0.117202 0.137002
vn 0.929928 0.128904 0.344410
vn 0.894192 0.429996 0.124599
vn 0.894192 0.429996 0.124599
vn 0.929928 0.128904 0.344410
vn 0.843807 0.433304 0.316603
vn 0.894192 0.429996 0.124599
vn 0.902894 0.426497 -0.053700
vn 0.983613 0.117202 0.137002
vn 0.983613 0.117202 0.137002
vn 0.902894 0.426497 -0.053700
vn 0.990812 0.115901 -0.069701
vn 0.917044 0.375418 0.134506
vn 0.926613 0.373105 -0.046701
vn 0.894192 0.429996 0.124599
vn 0.894192 0.429996 0.124599
vn 0.926613 0.373105 -0.046701
vn 0.902894 0.426497 -0.053700
vn 0.902894 0.426497 -0.053700
vn 0.873500 0.427500 -0.232900
vn 0.990812 0.115901 -0.069701
vn 0.990812 0.115901 -0.069701
vn 0.873500 0.427500 -0.232900
vn 0.953420 0.127003 -0.273606
vn 0.734760 0.434176 0.521171
vn 0.843807 0.433304 0.316603
vn 0.810495 0.143099 0.567997
vn 0.810495 0.143099 0.567997
vn 0.843807 0.433304 0.316603
vn 0.929928 0.128904 0.344410
vn 0.810495 0.143099 0.567997
vn 0.625478 0.147495 0.766174
vn 0.734760 0.434176 0.521171
vn 0.734760 0.434176 0.521171
vn 0.625478 0.147495 0.766174
vn 0.564672 0.437578 0.699765
vn 0.625478 0.147495 0.766174
vn 0.415986 0.137795 0.898870
vn 0.564672 0.437578 0.699765
vn 0.564672 0.437578 0.699765
vn 0.415986 0.137795 0.898870
vn 0.367100 0.443400 0.817700
vn 0.582291 0.365894 0.725988
vn 0.752677 0.368089 0.545883
vn 0.564672 0.437578 0.699765
vn 0.564672 0.437578 0.699765
vn 0.752677 0.368089 0.545883
vn 0.734760 0.434176 0.521171
vn 0.564672 0.437578 0.699765
vn 0.367100 0.443400 0.817700
vn 0.582291 0.365894 0.725988
vn 0.582291 0.365894 0.725988
vn 0.367100 0.443400 0.817700
vn 0.380807 0.371107 0.846915
vn 0.380807 0.371107 0.846915
vn 0.367100 0.443400 0.817700
vn 0.187404 0.377808 0.906720
vn 0.187404 0.377808 0.906720
vn 0.367100 0.443400 0.817700
vn 0.179896 0.449889 0.874779
vn 0.397917 0.230710 0.887939
vn 0.605298 0.228499 0.762498
vn 0.380807 0.371107 0.846915
vn 0.380807 0.371107 0.846915
vn 0.605298 0.228499 0.762498
vn 0.582291 0.365894 0.725988
vn 0.380807 0.371107 0.846915
vn 0.187404 0.377808 0.906720
vn 0.397917 0.230710 0.887939
vn 0.397917 0.230710 0.887939
vn 0.187404 0.377808 0.906720
vn 0.197392 0.233291 0.952162
vn 0.208101 0.121701 0.970507
vn 0.179896 0.449889 0.874779
vn 0.415986 0.137795 0.898870
vn 0.415986 0.137795 0.898870
vn 0.179896 0.449889 0.874779
vn 0.367100 0.443400 0.817700
vn 0.397917 0.230710 0.887939
vn 0.197392 0.233291 0.952162
vn 0.407018 0.064503 0.911140
vn 0.407018 0.064503 0.911140
vn 0.197392 0.233291 0.952162
vn 0.204392 0.054698 0.977360
vn 0.173495 0.127296 -0.976573
vn 0.352394 0.140898 -0.925185
vn 0.153100 0.441901 -0.883903
vn 0.153100 0.441901 -0.883903
vn 0.352394 0.140898 -0.925185
vn 0.316105 0.435207 -0.843014
vn 0.352394 0.140898 -0.925185
vn 0.551891 0.153397 -0.819686
vn 0.316105 0.435207 -0.843014
vn 0.316105 0.435207 -0.843014
vn 0.551891 0.153397 -0.819686
vn 0.504508 0.429307 -0.749111
vn 0.333503 0.348403 -0.876009
vn 0.162092 0.353582 -0.921252
vn 0.316105 0.435207 -0.843014
vn 0.316105 0.435207 -0.843014
vn 0.162092 0.353582 -0.921252
vn 0.153100 0.441901 -0.883903
vn 0.316105 0.435207 -0.843014
vn 0.504508 0.429307 -0.749111
vn 0.333503 0.348403 -0.876009
vn 0.333503 0.348403 -0.876009
vn 0.504508 0.429307 -0.749111
vn 0.527009 0.345606 -0.776414
vn 0.527009 0.345606 -0.776414
vn 0.504508 0.429307 -0.749111
vn 0.705945 0.348422 -0.616639
vn 0.705945 0.348422 -0.616639
vn 0.504508 0.429307 -0.749111
vn 0.678787 0.427892 -0.596789
vn 0.527009 0.345606 -0.776414
vn 0.552203 0.192401 -0.811205
vn 0.333503 0.348403 -0.876009
vn 0.333503 0.348403 -0.876009
vn 0.552203 0.192401 -0.811205
vn 0.350409 0.189505 -0.917225
vn 0.705945 0.348422 -0.616639
vn 0.741404 0.198901 -0.640904
vn 0.527009 0.345606 -0.776414
vn 0.527009 0.345606 -0.776414
vn 0.741404 0.198901 -0.640904
vn 0.552203 0.192401 -0.811205
vn 0.741404 0.198901 -0.640904
vn 0.705945 0.348422 -0.616639
vn 0.873313 0.211803 -0.438707
vn 0.873313 0.211803 -0.438707
vn 0.705945 0.348422 -0.616639
vn 0.832095 0.357198 -0.424297
vn 0.741404 0.198901 -0.640904
vn 0.765591 0.028600 -0.642692
vn 0.552203 0.192401 -0.811205
vn 0.552203 0.192401 -0.811205
vn 0.765591 0.028600 -0.642692
vn 0.564198 0.023800 -0.825297
vn 0.873313 0.211803 -0.438707
vn 0.897419 0.032101 -0.440009
vn 0.741404 0.198901 -0.640904
vn 0.741404 0.198901 -0.640904
vn 0.897419 0.032101 -0.440009
vn 0.765591 0.028600 -0.642692
vn 0.765591 0.028600 -0.642692
vn 0.757065 -0.101095 -0.645470
vn 0.564198 0.023800 -0.825297
vn 0.564198 0.023800 -0.825297
vn 0.757065 -0.101095 -0.645470
vn 0.554588 -0.133897 -0.821282
vn 0.765591 0.028600 -0.642692
vn 0.897419 0.032101 -0.440009
vn 0.757065 -0.101095 -0.645470
vn 0.757065 -0.101095 -0.645470
vn 0.897419 0.032101 -0.440009
vn 0.900466 -0.113396 -0.419884
vn 0.350704 -0.171702 -0.920611
vn 0.358117 0.007700 -0.933645
vn 0.554588 -0.133897 -0.821282
vn 0.554588 -0.133897 -0.821282
vn 0.358117 0.007700 -0.933645
vn 0.564198 0.023800 -0.825297
vn 0.554588 -0.133897 -0.821282
vn 0.520071 -0.297183 -0.800755
vn 0.350704 -0.171702 -0.920611
vn 0.350704 -0.171702 -0.920611
vn 0.520071 -0.297183 -0.800755
vn 0.323898 -0.351197 -0.878493
vn 0.757065 -0.101095 -0.645470
vn 0.707722 -0.244808 -0.662721
vn 0.554588 -0.133897 -0.821282
vn 0.554588 -0.133897 -0.821282
vn 0.707722 -0.244808 -0.662721
vn 0.520071 -0.297183 -0.800755
vn 0.520071 -0.297183 -0.800755
vn 0.480794 -0.488294 -0.728290
vn 0.323898 -0.351197 -0.878493
vn 0.323898 -0.351197 -0.878493
vn 0.480794 -0.488294 -0.728290
vn 0.286191 -0.544283 -0.788575
vn 0.707722 -0.244808 -0.662721
vn 0.684117 -0.417710 -0.597915
vn 0.520071 -0.297183 -0.800755
vn 0.520071 -0.297183 -0.800755
vn 0.684117 -0.417710 -0.597915
vn 0.480794 -0.488294 -0.728290
vn 0.480794 -0.488294 -0.728290
vn 0.465797 -0.677195 -0.569596
vn 0.286191 -0.544283 -0.788575
vn 0.286191 -0.544283 -0.788575
vn 0.465797 -0.677195 -0.569596
vn 0.272991 -0.728175 -0.628679
vn 0.684117 -0.417710 -0.597915
vn 0.675398 -0.567698 -0.470698
vn 0.480794 -0.488294 -0.728290
vn 0.480794 -0.488294 -0.728290
vn 0.675398 -0.567698 -0.470698
vn 0.465797 -0.677195 -0.569596
vn 0.482420 -0.791033 -0.376216
vn 0.296116 -0.848845 -0.437923
vn 0.465797 -0.677195 -0.569596
vn 0.465797 -0.677195 -0.569596
vn 0.296116 -0.848845 -0.437923
vn 0.272991 -0.728175 -0.628679
vn 0.465797 -0.677195 -0.569596
vn 0.675398 -0.567698 -0.470698
vn 0.482420 -0.791033 -0.376216
vn 0.482420 -0.791033 -0.376216
vn 0.675398 -0.567698 -0.470698
vn 0.659779 -0.683678 -0.311890
vn 0.507121 -0.832335 -0.223709
vn 0.328104 -0.906210 -0.266703
vn 0.482420 -0.791033 -0.376216
vn 0.482420 -0.791033 -0.376216
vn 0.328104 -0.906210 -0.266703
vn 0.296116 -0.848845 -0.437923
vn 0.482420 -0.791033 -0.376216
vn 0.659779 -0.683678 -0.311890
vn 0.507121 -0.832335 -0.223709
vn 0.507121 -0.832335 -0.223709
vn 0.659779 -0.683678 -0.311890
vn 0.676136 -0.713738 -0.182810
vn 0.522995 -0.847192 -0.093499
vn 0.344601 -0.932104 -0.111500
vn 0.507121 -0.832335 -0.223709
vn 0.507121 -0.832335 -0.223709
vn 0.344601 -0.932104 -0.111500
vn 0.328104 -0.906210 -0.266703
vn 0.507121 -0.832335 -0.223709
vn 0.676136 -0.713738 -0.182810
vn 0.522995 -0.847192 -0.093499
vn 0.522995 -0.847192 -0.093499
vn 0.676136 -0.713738 -0.182810
vn 0.695999 -0.713299 -0.082400
vn 0.676136 -0.713738 -0.182810
vn 0.818798 -0.546599 -0.175500
vn 0.695999 -0.713299 -0.082400
vn 0.695999 -0.713299 -0.082400
vn 0.818798 -0.546599 -0.175500
vn 0.832854 -0.546470 -0.087895
vn 0.706879 -0.707079 0.018999
vn 0.530895 -0.846991 0.027500
vn 0.695999 -0.713299 -0.082400
vn 0.695999 -0.713299 -0.082400
vn 0.530895 -0.846991 0.027500
vn 0.522995 -0.847192 -0.093499
vn 0.695999 -0.713299 -0.082400
vn 0.832854 -0.546470 -0.087895
vn 0.706879 -0.707079 0.018999
vn 0.706879 -0.707079 0.018999
vn 0.832854 -0.546470 -0.087895
vn 0.843187 -0.537392 0.015700
vn 0.843187 -0.537392 0.015700
vn 0.931580 -0.363292 0.013300
vn 0.844540 -0.518325 0.134506
vn 0.844540 -0.518325 0.134506
vn 0.931580 -0.363292 0.013300
vn 0.924997 -0.344599 0.160100
vn 0.832854 -0.546470 -0.087895
vn 0.918329 -0.379612 -0.112104
vn 0.843187 -0.537392 0.015700
vn 0.843187 -0.537392 0.015700
vn 0.918329 -0.379612 -0.112104
vn 0.931580 -0.363292 0.013300
vn 0.844540 -0.518325 0.134506
vn 0.712115 -0.689214 0.133703
vn 0.843187 -0.537392 0.015700
vn 0.843187 -0.537392 0.015700
vn 0.712115 -0.689214 0.133703
vn 0.706879 -0.707079 0.018999
vn 0.712115 -0.689214 0.133703
vn 0.534589 -0.829983 0.159197
vn 0.706879 -0.707079 0.018999
vn 0.706879 -0.707079 0.018999
vn 0.534589 -0.829983 0.159197
vn 0.530895 -0.846991 0.027500
vn 0.714599 -0.658199 0.236900
vn 0.524900 -0.799400 0.292300
vn 0.712115 -0.689214 0.133703
vn 0.712115 -0.689214 0.133703
vn 0.524900 -0.799400 0.292300
vn 0.534589 -0.829983 0.159197
vn 0.712115 -0.689214 0.133703
vn 0.844540 -0.518325 0.134506
vn 0.714599 -0.658199 0.236900
vn 0.714599 -0.658199 0.236900
vn 0.844540 -0.518325 0.134506
vn 0.834632 -0.481818 0.266910
vn 0.534589 -0.829983 0.159197
vn 0.343203 -0.919008 0.194002
vn 0.530895 -0.846991 0.027500
vn 0.530895 -0.846991 0.027500
vn 0.343203 -0.919008 0.194002
vn 0.348600 -0.936501 0.038000
vn 0.534589 -0.829983 0.159197
vn 0.524900 -0.799400 0.292300
vn 0.343203 -0.919008 0.194002
vn 0.343203 -0.919008 0.194002
vn 0.524900 -0.799400 0.292300
vn 0.329302 -0.874704 0.355602
vn 0.343203 -0.919008 0.194002
vn 0.170704 -0.960925 0.217906
vn 0.348600 -0.936501 0.038000
vn 0.348600 -0.936501 0.038000
vn 0.170704 -0.960925 0.217906
vn 0.177796 -0.983079 0.044099
vn 0.343203 -0.919008 0.194002
vn 0.329302 -0.874704 0.355602
vn 0.170704 -0.960925 0.217906
vn 0.170704 -0.960925 0.217906
vn 0.329302 -0.874704 0.355602
vn 0.160410 -0.906854 0.389723
vn 0.344601 -0.932104 -0.111500
vn 0.522995 -0.847192 -0.093499
vn 0.348600 -0.936501 0.038000
vn 0.348600 -0.936501 0.038000
vn 0.522995 -0.847192 -0.093499
vn 0.530895 -0.846991 0.027500
vn 0.348600 -0.936501 0.038000
vn 0.177796 -0.983079 0.044099
vn 0.344601 -0.932104 -0.111500
vn 0.344601 -0.932104 -0.111500
vn 0.177796 -0.983079 0.044099
vn 0.176399 -0.976692 -0.122299
vn 0.960076 -0.230094 -0.159096
vn 0.978082 -0.208096 0.007200
vn 0.918329 -0.379612 -0.112104
vn 0.918329 -0.379612 -0.112104
vn 0.978082 -0.208096 0.007200
vn 0.931580 -0.363292 0.013300
vn 0.918329 -0.379612 -0.112104
vn 0.891403 -0.393701 -0.224501
vn 0.960076 -0.230094 -0.159096
vn 0.960076 -0.230094 -0.159096
vn 0.891403 -0.393701 -0.224501
vn 0.920003 -0.267201 -0.286701
vn 0.918329 -0.379612 -0.112104
vn 0.832854 -0.546470 -0.087895
vn 0.891403 -0.393701 -0.224501
vn 0.891403 -0.393701 -0.224501
vn 0.832854 -0.546470 -0.087895
vn 0.818798 -0.546599 -0.175500
vn 0.997925 -0.063602 -0.010000
vn 0.981230 -0.054402 0.185006
vn 0.978082 -0.208096 0.007200
vn 0.978082 -0.208096 0.007200
vn 0.981230 -0.054402 0.185006
vn 0.964299 -0.191700 0.182700
vn 0.978082 -0.208096 0.007200
vn 0.960076 -0.230094 -0.159096
vn 0.997925 -0.063602 -0.010000
vn 0.997925 -0.063602 -0.010000
vn 0.960076 -0.230094 -0.159096
vn 0.972829 -0.088103 -0.214106
vn 0.964299 -0.191700 0.182700
vn 0.924997 -0.344599 0.160100
vn 0.978082 -0.208096 0.007200
vn 0.978082 -0.208096 0.007200
vn 0.924997 -0.344599 0.160100
vn 0.931580 -0.363292 0.013300
vn 0.924997 -0.344599 0.160100
vn 0.964299 -0.191700 0.182700
vn 0.884899 -0.323100 0.335500
vn 0.884899 -0.323100 0.335500
vn 0.964299 -0.191700 0.182700
vn 0.906037 -0.185008 0.380616
vn 0.884899 -0.323100 0.335500
vn 0.834632 -0.481818 0.266910
vn 0.924997 -0.344599 0.160100
vn 0.924997 -0.344599 0.160100
vn 0.834632 -0.481818 0.266910
vn 0.844540 -0.518325 0.134506
vn 0.344601 -0.932104 -0.111500
vn 0.176399 -0.976692 -0.122299
vn 0.328104 -0.906210 -0.266703
vn 0.328104 -0.906210 -0.266703
vn 0.176399 -0.976692 -0.122299
vn 0.164799 -0.942793 -0.289798
vn 0.328104 -0.906210 -0.266703
vn 0.164799 -0.942793 -0.289798
vn 0.296116 -0.848845 -0.437923
vn 0.296116 -0.848845 -0.437923
vn 0.164799 -0.942793 -0.289798
vn 0.145704 -0.871627 -0.468014
vn 0.296116 -0.848845 -0.437923
vn 0.145704 -0.871627 -0.468014
vn 0.272991 -0.728175 -0.628679
vn 0.272991 -0.728175 -0.628679
vn 0.145704 -0.871627 -0.468014
vn 0.133398 -0.746488 -0.651890
vn 0.133398 -0.746488 -0.651890
vn 0.140106 -0.570822 -0.809032
vn 0.272991 -0.728175 -0.628679
vn 0.272991 -0.728175 -0.628679
vn 0.140106 -0.570822 -0.809032
vn 0.286191 -0.544283 -0.788575
vn 0.140106 -0.570822 -0.809032
vn 0.159598 -0.379096 -0.911490
vn 0.286191 -0.544283 -0.788575
vn 0.286191 -0.544283 -0.788575
vn 0.159598 -0.379096 -0.911490
vn 0.323898 -0.351197 -0.878493
vn 0.159598 -0.379096 -0.911490
vn 0.174405 -0.190706 -0.966030
vn 0.323898 -0.351197 -0.878493
vn 0.323898 -0.351197 -0.878493
vn 0.174405 -0.190706 -0.966030
vn 0.350704 -0.171702 -0.920611
vn 0.174405 -0.190706 -0.966030
vn 0.178393 -0.000400 -0.983959
vn 0.350704 -0.171702 -0.920611
vn 0.350704 -0.171702 -0.920611
vn 0.178393 -0.000400 -0.983959
vn 0.358117 0.007700 -0.933645
vn 0.358117 0.007700 -0.933645
vn 0.350409 0.189505 -0.917225
vn 0.564198 0.023800 -0.825297
vn 0.564198 0.023800 -0.825297
vn 0.350409 0.189505 -0.917225
vn 0.552203 0.192401 -0.811205
vn 0.178393 -0.000400 -0.983959
vn 0.172408 0.190409 -0.966447
vn 0.358117 0.007700 -0.933645
vn 0.358117 0.007700 -0.933645
vn 0.172408 0.190409 -0.966447
vn 0.350409 0.189505 -0.917225
vn 0.172408 0.190409 -0.966447
vn 0.162092 0.353582 -0.921252
vn 0.350409 0.189505 -0.917225
vn 0.350409 0.189505 -0.917225
vn 0.162092 0.353582 -0.921252
vn 0.333503 0.348403 -0.876009
vn 0.524900 -0.799400 0.292300
vn 0.509990 -0.735286 0.446391
vn 0.329302 -0.874704 0.355602
vn 0.329302 -0.874704 0.355602
vn 0.509990 -0.735286 0.446391
vn 0.308198 -0.788194 0.532696
vn 0.777119 -0.321208 0.541213
vn 0.759799 -0.472499 0.446599
vn 0.884899 -0.323100 0.335500
vn 0.884899 -0.323100 0.335500
vn 0.759799 -0.472499 0.446599
vn 0.834632 -0.481818 0.266910
vn 0.997925 -0.063602 -0.010000
vn 0.972829 -0.088103 -0.214106
vn 0.995721 0.088002 -0.028201
vn 0.995721 0.088002 -0.028201
vn 0.972829 -0.088103 -0.214106
vn 0.970220 0.058301 -0.235105
vn 0.944475 0.231994 -0.232694
vn 0.970220 0.058301 -0.235105
vn 0.873313 0.211803 -0.438707
vn 0.873313 0.211803 -0.438707
vn 0.970220 0.058301 -0.235105
vn 0.897419 0.032101 -0.440009
vn 0.684117 -0.417710 -0.597915
vn 0.837568 -0.347487 -0.421584
vn 0.675398 -0.567698 -0.470698
vn 0.675398 -0.567698 -0.470698
vn 0.837568 -0.347487 -0.421584
vn 0.827971 -0.437185 -0.351188
vn 0.891403 -0.393701 -0.224501
vn 0.827971 -0.437185 -0.351188
vn 0.920003 -0.267201 -0.286701
vn 0.920003 -0.267201 -0.286701
vn 0.827971 -0.437185 -0.351188
vn 0.837568 -0.347487 -0.421584
vn 0.000000 -0.809673 0.586881
vn 0.000000 -0.915776 0.401689
vn 0.148895 -0.804074 0.575582
vn 0.148895 -0.804074 0.575582
vn 0.000000 -0.915776 0.401689
vn 0.160410 -0.906854 0.389723
vn 0.000000 1.000000 0.000000
vn 0.000000 1.000000 0.000000
vn -0.550193 0.177798 -0.815890
vn -0.550193 0.177798 -0.815890
vn 0.000000 1.000000 0.000000
vn -0.353510 0.160105 -0.921627
vn -0.551698 0.153499 -0.819797
vn -0.550193 0.177798 -0.815890
vn -0.352389 0.140996 -0.925171
vn -0.352389 0.140996 -0.925171
vn -0.550193 0.177798 -0.815890
vn -0.353510 0.160105 -0.921627
vn 0.000000 1.000000 0.000000
vn 0.000000 1.000000 0.000000
vn -0.733001 0.184600 -0.654701
vn -0.733001 0.184600 -0.654701
vn 0.000000 1.000000 0.000000
vn -0.550193 0.177798 -0.815890
vn -0.737390 0.154798 -0.657491
vn -0.733001 0.184600 -0.654701
vn -0.551698 0.153499 -0.819797
vn -0.551698 0.153499 -0.819797
vn -0.733001 0.184600 -0.654701
vn -0.550193 0.177798 -0.815890
vn -0.865437 0.176708 -0.468820
vn -0.000100 1.000000 0.000000
vn -0.733001 0.184600 -0.654701
vn -0.733001 0.184600 -0.654701
vn -0.000100 1.000000 0.000000
vn 0.000000 1.000000 0.000000
vn -0.737390 0.154798 -0.657491
vn -0.871369 0.143795 -0.469083
vn -0.733001 0.184600 -0.654701
vn -0.733001 0.184600 -0.654701
vn -0.871369 0.143795 -0.469083
vn -0.865437 0.176708 -0.468820
vn 0.000000 1.000000 0.000000
vn 0.000000 1.000000 0.000000
vn -0.175292 0.140394 -0.974455
vn -0.175292 0.140394 -0.974455
vn 0.000000 1.000000 0.000000
vn -0.000200 0.131096 -0.991370
vn -0.173801 0.127401 -0.976505
vn -0.175292 0.140394 -0.974455
vn -0.000100 0.121905 -0.992542
vn -0.000100 0.121905 -0.992542
vn -0.175292 0.140394 -0.974455
vn -0.000200 0.131096 -0.991370
vn 0.000200 0.130395 0.991462
vn 0.000000 1.000000 0.000000
vn -0.209288 0.142292 0.967446
vn -0.209288 0.142292 0.967446
vn 0.000000 1.000000 0.000000
vn 0.000000 1.000000 0.000000
vn -0.208192 0.121895 0.970463
vn -0.000100 0.114996 0.993366
vn -0.209288 0.142292 0.967446
vn -0.209288 0.142292 0.967446
vn -0.000100 0.114996 0.993366
vn 0.000200 0.130395 0.991462
vn 0.000000 1.000000 0.000000
vn 0.000000 1.000000 0.000000
vn -0.978304 0.154701 0.137801
vn -0.978304 0.154701 0.137801
vn 0.000000 1.000000 0.000000
vn -0.985960 0.151694 -0.069797
vn -0.983430 0.117204 0.138304
vn -0.978304 0.154701 0.137801
vn -0.990819 0.115902 -0.069601
vn -0.990819 0.115902 -0.069601
vn -0.978304 0.154701 0.137801
vn -0.985960 0.151694 -0.069797
vn -0.985960 0.151694 -0.069797
vn 0.000000 1.000000 0.000000
vn -0.947925 0.161504 -0.274507
vn -0.947925 0.161504 -0.274507
vn 0.000000 1.000000 0.000000
vn 0.000000 1.000000 0.000000
vn -0.953420 0.127003 -0.273606
vn -0.990819 0.115902 -0.069601
vn -0.947925 0.161504 -0.274507
vn -0.947925 0.161504 -0.274507
vn -0.990819 0.115902 -0.069601
vn -0.985960 0.151694 -0.069797
vn -0.947925 0.161504 -0.274507
vn 0.000000 1.000000 0.000000
vn -0.865437 0.176708 -0.468820
vn -0.865437 0.176708 -0.468820
vn 0.000000 1.000000 0.000000
vn -0.000100 1.000000 0.000000
vn -0.871369 0.143795 -0.469083
vn -0.953420 0.127003 -0.273606
vn -0.865437 0.176708 -0.468820
vn -0.865437 0.176708 -0.468820
vn -0.953420 0.127003 -0.273606
vn -0.947925 0.161504 -0.274507
vn 0.000000 1.000000 0.000000
vn 0.000000 1.000000 0.000000
vn -0.924296 0.166599 0.343398
vn -0.924296 0.166599 0.343398
vn 0.000000 1.000000 0.000000
vn -0.978304 0.154701 0.137801
vn -0.929953 0.128794 0.344383
vn -0.924296 0.166599 0.343398
vn -0.983430 0.117204 0.138304
vn -0.983430 0.117204 0.138304
vn -0.924296 0.166599 0.343398
vn -0.978304 0.154701 0.137801
vn 0.000000 1.000000 0.000000
vn 0.000000 1.000000 0.000000
vn -0.805326 0.178506 0.565319
vn -0.805326 0.178506 0.565319
vn 0.000000 1.000000 0.000000
vn -0.924296 0.166599 0.343398
vn -0.810541 0.143107 0.567929
vn -0.805326 0.178506 0.565319
vn -0.929953 0.128794 0.344383
vn -0.929953 0.128794 0.344383
vn -0.805326 0.178506 0.565319
vn -0.924296 0.166599 0.343398
vn 0.000000 1.000000 0.000100
vn 0.000000 1.000000 0.000000
vn -0.621708 0.182002 0.761810
vn -0.621708 0.182002 0.761810
vn 0.000000 1.000000 0.000000
vn -0.805326 0.178506 0.565319
vn -0.625408 0.147602 0.766210
vn -0.621708 0.182002 0.761810
vn -0.810541 0.143107 0.567929
vn -0.810541 0.143107 0.567929
vn -0.621708 0.182002 0.761810
vn -0.805326 0.178506 0.565319
vn -0.209288 0.142292 0.967446
vn 0.000000 1.000000 0.000000
vn -0.416015 0.165706 0.894132
vn -0.416015 0.165706 0.894132
vn 0.000000 1.000000 0.000000
vn 0.000000 1.000000 0.000000
vn -0.415892 0.137997 0.898883
vn -0.208192 0.121895 0.970463
vn -0.416015 0.165706 0.894132
vn -0.416015 0.165706 0.894132
vn -0.208192 0.121895 0.970463
vn -0.209288 0.142292 0.967446
vn -0.416015 0.165706 0.894132
vn 0.000000 1.000000 0.000000
vn -0.621708 0.182002 0.761810
vn -0.621708 0.182002 0.761810
vn 0.000000 1.000000 0.000000
vn 0.000000 1.000000 0.000100
vn -0.625408 0.147602 0.766210
vn -0.415892 0.137997 0.898883
vn -0.621708 0.182002 0.761810
vn -0.621708 0.182002 0.761810
vn -0.415892 0.137997 0.898883
vn -0.416015 0.165706 0.894132
vn 0.000000 1.000000 0.000000
vn 0.000000 1.000000 0.000000
vn -0.353510 0.160105 -0.921627
vn -0.353510 0.160105 -0.921627
vn 0.000000 1.000000 0.000000
vn -0.175292 0.140394 -0.974455
vn -0.352389 0.140996 -0.925171
vn -0.353510 0.160105 -0.921627
vn -0.173801 0.127401 -0.976505
vn -0.173801 0.127401 -0.976505
vn -0.353510 0.160105 -0.921627
vn -0.175292 0.140394 -0.974455
vn 0.353604 0.160002 -0.921609
vn 0.000000 1.000000 0.000000
vn 0.550387 0.177696 -0.815781
vn 0.550387 0.177696 -0.815781
vn 0.000000 1.000000 0.000000
vn 0.000000 1.000000 0.000000
vn 0.551891 0.153397 -0.819686
vn 0.352394 0.140898 -0.925185
vn 0.550387 0.177696 -0.815781
vn 0.550387 0.177696 -0.815781
vn 0.352394 0.140898 -0.925185
vn 0.353604 0.160002 -0.921609
vn 0.550387 0.177696 -0.815781
vn 0.000000 1.000000 0.000000
vn 0.733189 0.184597 -0.654490
vn 0.733189 0.184597 -0.654490
vn 0.000000 1.000000 0.000000
vn 0.000000 1.000000 0.000000
vn 0.737484 0.154797 -0.657386
vn 0.551891 0.153397 -0.819686
vn 0.733189 0.184597 -0.654490
vn 0.733189 0.184597 -0.654490
vn 0.551891 0.153397 -0.819686
vn 0.550387 0.177696 -0.815781
vn 0.000000 1.000000 0.000000
vn 0.000100 1.000000 0.000000
vn 0.733189 0.184597 -0.654490
vn 0.733189 0.184597 -0.654490
vn 0.000100 1.000000 0.000000
vn 0.865478 0.176595 -0.468788
vn 0.737484 0.154797 -0.657386
vn 0.733189 0.184597 -0.654490
vn 0.871410 0.143802 -0.469005
vn 0.871410 0.143802 -0.469005
vn 0.733189 0.184597 -0.654490
vn 0.865478 0.176595 -0.468788
vn -0.000200 0.131096 -0.991370
vn 0.000000 1.000000 0.000000
vn 0.174904 0.140403 -0.974523
vn 0.174904 0.140403 -0.974523
vn 0.000000 1.000000 0.000000
vn 0.000000 1.000000 0.000000
vn 0.173495 0.127296 -0.976573
vn -0.000100 0.121905 -0.992542
vn 0.174904 0.140403 -0.974523
vn 0.174904 0.140403 -0.974523
vn -0.000100 0.121905 -0.992542
vn -0.000200 0.131096 -0.991370
vn 0.000000 1.000000 0.000000
vn 0.000000 1.000000 0.000000
vn 0.209097 0.142298 0.967486
vn 0.209097 0.142298 0.967486
vn 0.000000 1.000000 0.000000
vn 0.000200 0.130395 0.991462
vn 0.208101 0.121701 0.970507
vn 0.209097 0.142298 0.967486
vn -0.000100 0.114996 0.993366
vn -0.000100 0.114996 0.993366
vn 0.209097 0.142298 0.967486
vn 0.000200 0.130395 0.991462
vn 0.985942 0.151807 -0.069803
vn 0.000000 1.000000 0.000000
vn 0.978274 0.154896 0.137796
vn 0.978274 0.154896 0.137796
vn 0.000000 1.000000 0.000000
vn 0.000000 1.000000 0.000000
vn 0.983613 0.117202 0.137002
vn 0.990812 0.115901 -0.069701
vn 0.978274 0.154896 0.137796
vn 0.978274 0.154896 0.137796
vn 0.990812 0.115901 -0.069701
vn 0.985942 0.151807 -0.069803
vn 0.000000 1.000000 0.000000
vn 0.000000 1.000000 0.000000
vn 0.947910 0.161602 -0.274503
vn 0.947910 0.161602 -0.274503
vn 0.000000 1.000000 0.000000
vn 0.985942 0.151807 -0.069803
vn 0.953420 0.127003 -0.273606
vn 0.947910 0.161602 -0.274503
vn 0.990812 0.115901 -0.069701
vn 0.990812 0.115901 -0.069701
vn 0.947910 0.161602 -0.274503
vn 0.985942 0.151807 -0.069803
vn 0.000100 1.000000 0.000000
vn 0.000000 1.000000 0.000000
vn 0.865478 0.176595 -0.468788
vn 0.865478 0.176595 -0.468788
vn 0.000000 1.000000 0.000000
vn 0.947910 0.161602 -0.274503
vn 0.871410 0.143802 -0.469005
vn 0.865478 0.176595 -0.468788
vn 0.953420 0.127003 -0.273606
vn 0.953420 0.127003 -0.273606
vn 0.865478 0.176595 -0.468788
vn 0.947910 0.161602 -0.274503
vn 0.978274 0.154896 0.137796
vn 0.000000 1.000000 0.000000
vn 0.924218 0.166803 0.343507
vn 0.924218 0.166803 0.343507
vn 0.000000 1.000000 0.000000
vn 0.000000 1.000000 0.000000
vn 0.929928 0.128904 0.344410
vn 0.983613 0.117202 0.137002
vn 0.924218 0.166803 0.343507
vn 0.924218 0.166803 0.343507
vn 0.983613 0.117202 0.137002
vn 0.978274 0.154896 0.137796
vn 0.924218 0.166803 0.343507
vn 0.000000 1.000000 0.000000
vn 0.805231 0.178607 0.565422
vn 0.805231 0.178607 0.565422
vn 0.000000 1.000000 0.000000
vn 0.000000 1.000000 0.000000
vn 0.810495 0.143099 0.567997
vn 0.929928 0.128904 0.344410
vn 0.805231 0.178607 0.565422
vn 0.805231 0.178607 0.565422
vn 0.929928 0.128904 0.344410
vn 0.924218 0.166803 0.343507
vn 0.805231 0.178607 0.565422
vn 0.000000 1.000000 0.000000
vn 0.621708 0.182002 0.761810
vn 0.621708 0.182002 0.761810
vn 0.000000 1.000000 0.000000
vn 0.000000 1.000000 0.000100
vn 0.625478 0.147495 0.766174
vn 0.810495 0.143099 0.567997
vn 0.621708 0.182002 0.761810
vn 0.621708 0.182002 0.761810
vn 0.810495 0.143099 0.567997
vn 0.805231 0.178607 0.565422
vn 0.000000 1.000000 0.000000
vn 0.000000 1.000000 0.000000
vn 0.416008 0.165803 0.894118
vn 0.416008 0.165803 0.894118
vn 0.000000 1.000000 0.000000
vn 0.209097 0.142298 0.967486
vn 0.415986 0.137795 0.898870
vn 0.416008 0.165803 0.894118
vn 0.208101 0.121701 0.970507
vn 0.208101 0.121701 0.970507
vn 0.416008 0.165803 0.894118
vn 0.209097 0.142298 0.967486
vn 0.000000 1.000000 0.000100
vn 0.000000 1.000000 0.000000
vn 0.621708 0.182002 0.761810
vn 0.621708 0.182002 0.761810
vn 0.000000 1.000000 0.000000
vn 0.416008 0.165803 0.894118
vn 0.625478 0.147495 0.766174
vn 0.621708 0.182002 0.761810
vn 0.415986 0.137795 0.898870
vn 0.415986 0.137795 0.898870
vn 0.621708 0.182002 0.761810
vn 0.416008 0.165803 0.894118
vn 0.174904 0.140403 -0.974523
vn 0.000000 1.000000 0.000000
vn 0.353604 0.160002 -0.921609
vn 0.353604 0.160002 -0.921609
vn 0.000000 1.000000 0.000000
vn 0.000000 1.000000 0.000000
vn 0.352394 0.140898 -0.925185
vn 0.173495 0.127296 -0.976573
vn 0.353604 0.160002 -0.921609
vn 0.353604 0.160002 -0.921609
vn 0.173495 0.127296 -0.976573
vn 0.174904 0.140403 -0.974523
vn 0.000000 1.000000 0.000000
vn 0.000000 0.918206 -0.396103
vn -0.077300 0.918201 -0.388500
vn 0.000000 1.000000 0.000000
vn -0.077300 0.918201 -0.388500
vn -0.151603 0.918220 -0.365908
vn 0.000000 1.000000 0.000000
vn -0.151603 0.918220 -0.365908
vn -0.220103 0.918212 -0.329304
vn 0.000000 1.000000 0.000000
vn -0.220103 0.918212 -0.329304
vn -0.280100 0.918198 -0.280100
vn 0.000000 1.000000 0.000000
vn -0.280100 0.918198 -0.280100
vn -0.329304 0.918212 -0.220103
vn 0.000000 1.000000 0.000000
vn -0.329304 0.918212 -0.220103
vn -0.365908 0.918220 -0.151603
vn 0.000000 1.000000 0.000000
vn -0.365908 0.918220 -0.151603
vn -0.388500 0.918201 -0.077300
vn 0.000000 1.000000 0.000000
vn -0.388500 0.918201 -0.077300
vn -0.396103 0.918206 0.000000
vn 0.000000 1.000000 0.000000
vn -0.396103 0.918206 0.000000
vn -0.388500 0.918201 0.077300
vn 0.000000 1.000000 0.000000
vn -0.388500 0.918201 0.077300
vn -0.365908 0.918220 0.151603
vn 0.000000 1.000000 0.000000
vn -0.365908 0.918220 0.151603
vn -0.329304 0.918212 0.220103
vn 0.000000 1.000000 0.000000
vn -0.329304 0.918212 0.220103
vn -0.280100 0.918198 0.280100
vn 0.000000 1.000000 0.000000
vn -0.280100 0.918198 0.280100
vn -0.220103 0.918212 0.329304
vn 0.000000 1.000000 0.000000
vn -0.220103 0.918212 0.329304
vn -0.151603 0.918220 0.365908
vn 0.000000 1.000000 0.000000
vn -0.151603 0.918220 0.365908
vn -0.077300 0.918201 0.388500
vn 0.000000 1.000000 0.000000
vn -0.077300 0.918201 0.388500
vn 0.000000 0.918206 0.396103
vn 0.000000 1.000000 0.000000
vn 0.000000 0.918206 0.396103
vn 0.077300 0.918201 0.388500
vn 0.000000 1.000000 0.000000
vn 0.077300 0.918201 0.388500
vn 0.151603 0.918220 0.365908
vn 0.000000 1.000000 0.000000
vn 0.151603 0.918220 0.365908
vn 0.220103 0.918212 0.329304
vn 0.000000 1.000000 0.000000
vn 0.220103 0.918212 0.329304
vn 0.280100 0.918198 0.280100
vn 0.000000 1.000000 0.000000
vn 0.280100 0.918198 0.280100
vn 0.329304 0.918212 0.220103
vn 0.000000 1.000000 0.000000
vn 0.329304 0.918212 0.220103
vn 0.365908 0.918220 0.151603
vn 0.000000 1.000000 0.000000
vn 0.365908 0.918220 0.151603
vn 0.388500 0.918201 0.077300
vn 0.000000 1.000000 0.000000
vn 0.388500 0.918201 0.077300
vn 0.396103 0.918206 0.000000
vn 0.000000 1.000000 0.000000
vn 0.396103 0.918206 0.000000
vn 0.388500 0.918201 -0.077300
vn 0.000000 1.000000 0.000000
vn 0.388500 0.918201 -0.077300
vn 0.365908 0.918220 -0.151603
vn 0.000000 1.000000 0.000000
vn 0.365908 0.918220 -0.151603
vn 0.329304 0.918212 -0.220103
vn 0.000000 1.000000 0.000000
vn 0.329304 0.918212 -0.220103
vn 0.280100 0.918198 -0.280100
vn 0.000000 1.000000 0.000000
vn 0.280100 0.918198 -0.280100
vn 0.220103 0.918212 -0.329304
vn 0.000000 1.000000 0.000000
vn 0.220103 0.918212 -0.329304
vn 0.151603 0.918220 -0.365908
vn 0.000000 1.000000 0.000000
vn 0.151603 0.918220 -0.365908
vn 0.077300 0.918201 -0.388500
vn 0.000000 1.000000 0.000000
vn 0.077300 0.918201 -0.388500
vn 0.000000 0.918206 -0.396103
vn 0.000100 -0.609716 -0.792620
vn 0.000000 -1.000000 0.000000
vn -0.154601 -0.609704 -0.777405
vn -0.154601 -0.609704 -0.777405
vn 0.000000 -1.000000 0.000000
vn -0.303302 -0.609704 -0.732304
vn -0.303302 -0.609704 -0.732304
vn 0.000000 -1.000000 0.000000
vn -0.440298 -0.609697 -0.659096
vn -0.440298 -0.609697 -0.659096
vn 0.000000 -1.000000 0.000000
vn -0.560485 -0.609683 -0.560485
vn -0.560485 -0.609683 -0.560485
vn 0.000000 -1.000000 0.000000
vn -0.659011 -0.609710 -0.440407
vn -0.659011 -0.609710 -0.440407
vn 0.000000 -1.000000 0.000000
vn -0.732282 -0.609685 -0.303393
vn -0.732282 -0.609685 -0.303393
vn 0.000000 -1.000000 0.000000
vn -0.777393 -0.609695 -0.154699
vn -0.777393 -0.609695 -0.154699
vn 0.000000 -1.000000 0.000000
vn -0.792620 -0.609716 -0.000100
vn -0.792620 -0.609716 -0.000100
vn 0.000000 -1.000000 0.000000
vn -0.777406 -0.609704 0.154601
vn -0.777406 -0.609704 0.154601
vn 0.000000 -1.000000 0.000000
vn -0.732304 -0.609704 0.303302
vn -0.732304 -0.609704 0.303302
vn 0.000000 -1.000000 0.000000
vn -0.659096 -0.609697 0.440298
vn -0.659096 -0.609697 0.440298
vn 0.000000 -1.000000 0.000000
vn -0.560485 -0.609683 0.560485
vn -0.560485 -0.609683 0.560485
vn 0.000000 -1.000000 0.000000
vn -0.440407 -0.609710 0.659011
vn -0.440407 -0.609710 0.659011
vn 0.000000 -1.000000 0.000000
vn -0.303393 -0.609685 0.732282
vn -0.303393 -0.609685 0.732282
vn 0.000000 -1.000000 0.000000
vn -0.154699 -0.609695 0.777393
vn -0.154699 -0.609695 0.777393
vn 0.000000 -1.000000 0.000000
vn -0.000100 -0.609716 0.792620
vn -0.000100 -0.609716 0.792620
vn 0.000000 -1.000000 0.000000
vn 0.154601 -0.609704 0.777405
vn 0.154601 -0.609704 0.777405
vn 0.000000 -1.000000 0.000000
vn 0.303302 -0.609704 0.732304
vn 0.303302 -0.609704 0.732304
vn 0.000000 -1.000000 0.000000
vn 0.440298 -0.609697 0.659096
vn 0.440298 -0.609697 0.659096
vn 0.000000 -1.000000 0.000000
vn 0.560485 -0.609683 0.560485
vn 0.560485 -0.609683 0.560485
vn 0.000000 -1.000000 0.000000
vn 0.659011 -0.609710 0.440407
vn 0.659011 -0.609710 0.440407
vn 0.000000 -1.000000 0.000000
vn 0.732282 -0.609685 0.303393
vn 0.732282 -0.609685 0.303393
vn 0.000000 -1.000000 0.000000
vn 0.777393 -0.609695 0.154699
vn 0.777393 -0.609695 0.154699
vn 0.000000 -1.000000 0.000000
vn 0.792620 -0.609716 0.000100
vn 0.792620 -0.609716 0.000100
vn 0.000000 -1.000000 0.000000
vn 0.777406 -0.609704 -0.154601
vn 0.777406 -0.609704 -0.154601
vn 0.000000 -1.000000 0.000000
vn 0.732304 -0.609704 -0.303302
vn 0.732304 -0.609704 -0.303302
vn 0.000000 -1.000000 0.000000
vn 0.659096 -0.609697 -0.440298
vn 0.659096 -0.609697 -0.440298
vn 0.000000 -1.000000 0.000000
vn 0.560485 -0.609683 -0.560485
vn 0.560485 -0.609683 -0.560485
vn 0.000000 -1.000000 0.000000
vn 0.440407 -0.609710 -0.659011
vn 0.440407 -0.609710 -0.659011
vn 0.000000 -1.000000 0.000000
vn 0.303393 -0.609685 -0.732282
vn 0.303393 -0.609685 -0.732282
vn 0.000000 -1.000000 0.000000
vn 0.154699 -0.609695 -0.777393
vn 0.154699 -0.609695 -0.777393
vn 0.000000 -1.000000 0.000000
vn 0.000100 -0.609716 -0.792620
vn 0.000000 -0.272700 -0.962099
vn 0.000000 -0.609716 -0.792620
vn -0.187702 -0.272703 -0.943611
vn -0.187702 -0.272703 -0.943611
vn 0.000000 -0.609716 -0.792620
vn -0.154701 -0.609805 -0.777306
vn -0.187702 -0.272703 -0.943611
vn -0.154701 -0.609805 -0.777306
vn -0.368185 -0.272689 -0.888865
vn -0.368185 -0.272689 -0.888865
vn -0.154701 -0.609805 -0.777306
vn -0.303302 -0.609704 -0.732304
vn -0.368185 -0.272689 -0.888865
vn -0.303302 -0.609704 -0.732304
vn -0.534528 -0.272714 -0.799942
vn -0.534528 -0.272714 -0.799942
vn -0.303302 -0.609704 -0.732304
vn -0.440490 -0.609786 -0.658885
vn -0.534528 -0.272714 -0.799942
vn -0.440490 -0.609786 -0.658885
vn -0.680288 -0.272795 -0.680288
vn -0.680288 -0.272795 -0.680288
vn -0.440490 -0.609786 -0.658885
vn -0.560416 -0.609718 -0.560516
vn -0.680288 -0.272795 -0.680288
vn -0.560416 -0.609718 -0.560516
vn -0.799978 -0.272692 -0.534485
vn -0.799978 -0.272692 -0.534485
vn -0.560416 -0.609718 -0.560516
vn -0.658885 -0.609786 -0.440490
vn -0.799978 -0.272692 -0.534485
vn -0.658885 -0.609786 -0.440490
vn -0.888844 -0.272713 -0.368218
vn -0.888844 -0.272713 -0.368218
vn -0.658885 -0.609786 -0.440490
vn -0.732304 -0.609704 -0.303302
vn -0.888844 -0.272713 -0.368218
vn -0.732304 -0.609704 -0.303302
vn -0.943611 -0.272703 -0.187702
vn -0.943611 -0.272703 -0.187702
vn -0.732304 -0.609704 -0.303302
vn -0.777358 -0.609767 -0.154592
vn -0.943611 -0.272703 -0.187702
vn -0.777358 -0.609767 -0.154592
vn -0.962099 -0.272700 0.000000
vn -0.962099 -0.272700 0.000000
vn -0.777358 -0.609767 -0.154592
vn -0.792620 -0.609716 0.000000
vn -0.962099 -0.272700 0.000000
vn -0.792620 -0.609716 0.000000
vn -0.943611 -0.272703 0.187702
vn -0.943611 -0.272703 0.187702
vn -0.792620 -0.609716 0.000000
vn -0.777370 -0.609776 0.154494
vn -0.943611 -0.272703 0.187702
vn -0.777370 -0.609776 0.154494
vn -0.888865 -0.272689 0.368185
vn -0.888865 -0.272689 0.368185
vn -0.777370 -0.609776 0.154494
vn -0.732304 -0.609704 0.303302
vn -0.888865 -0.272689 0.368185
vn -0.732304 -0.609704 0.303302
vn -0.799942 -0.272714 0.534528
vn -0.799942 -0.272714 0.534528
vn -0.732304 -0.609704 0.303302
vn -0.659000 -0.609800 0.440300
vn -0.799942 -0.272714 0.534528
vn -0.659000 -0.609800 0.440300
vn -0.680288 -0.272795 0.680288
vn -0.680288 -0.272795 0.680288
vn -0.659000 -0.609800 0.440300
vn -0.560416 -0.609718 0.560516
vn -0.680288 -0.272795 0.680288
vn -0.560416 -0.609718 0.560516
vn -0.534485 -0.272692 0.799978
vn -0.534485 -0.272692 0.799978
vn -0.560416 -0.609718 0.560516
vn -0.440271 -0.609760 0.659056
vn -0.534485 -0.272692 0.799978
vn -0.440271 -0.609760 0.659056
vn -0.368218 -0.272713 0.888844
vn -0.368218 -0.272713 0.888844
vn -0.440271 -0.609760 0.659056
vn -0.303302 -0.609704 0.732304
vn -0.368218 -0.272713 0.888844
vn -0.303302 -0.609704 0.732304
vn -0.187702 -0.272703 0.943611
vn -0.187702 -0.272703 0.943611
vn -0.303302 -0.609704 0.732304
vn -0.154689 -0.609758 0.777346
vn -0.187702 -0.272703 0.943611
vn -0.154699 -0.609695 0.777393
vn 0.000000 -0.272700 0.962099
vn 0.000000 -0.272700 0.962099
vn -0.154699 -0.609695 0.777393
vn 0.000000 -0.609716 0.792620
vn 0.000000 -0.272700 0.962099
vn 0.000000 -0.609716 0.792620
vn 0.187702 -0.272703 0.943611
vn 0.187702 -0.272703 0.943611
vn 0.000000 -0.609716 0.792620
vn 0.154592 -0.609767 0.777358
vn 0.187702 -0.272703 0.943611
vn 0.154592 -0.609767 0.777358
vn 0.368185 -0.272689 0.888865
vn 0.368185 -0.272689 0.888865
vn 0.154592 -0.609767 0.777358
vn 0.303302 -0.609704 0.732304
vn 0.368185 -0.272689 0.888865
vn 0.303302 -0.609704 0.732304
vn 0.534528 -0.272714 0.799942
vn 0.534528 -0.272714 0.799942
vn 0.303302 -0.609704 0.732304
vn 0.440190 -0.609786 0.659085
vn 0.534528 -0.272714 0.799942
vn 0.440190 -0.609786 0.659085
vn 0.680306 -0.272703 0.680306
vn 0.680306 -0.272703 0.680306
vn 0.440190 -0.609786 0.659085
vn 0.560516 -0.609718 0.560416
vn 0.680306 -0.272703 0.680306
vn 0.560516 -0.609718 0.560416
vn 0.799978 -0.272692 0.534485
vn 0.799978 -0.272692 0.534485
vn 0.560516 -0.609718 0.560416
vn 0.659096 -0.609697 0.440298
vn 0.799978 -0.272692 0.534485
vn 0.659096 -0.609697 0.440298
vn 0.888865 -0.272689 0.368185
vn 0.888865 -0.272689 0.368185
vn 0.659096 -0.609697 0.440298
vn 0.732260 -0.609766 0.303283
vn 0.888865 -0.272689 0.368185
vn 0.732260 -0.609766 0.303283
vn 0.943611 -0.272703 0.187702
vn 0.943611 -0.272703 0.187702
vn 0.732260 -0.609766 0.303283
vn 0.777306 -0.609805 0.154701
vn 0.943611 -0.272703 0.187702
vn 0.777306 -0.609805 0.154701
vn 0.962099 -0.272700 0.000000
vn 0.962099 -0.272700 0.000000
vn 0.777306 -0.609805 0.154701
vn 0.792620 -0.609716 0.000000
vn 0.962099 -0.272700 0.000000
vn 0.792620 -0.609716 0.000000
vn 0.943611 -0.272703 -0.187702
vn 0.943611 -0.272703 -0.187702
vn 0.792620 -0.609716 0.000000
vn 0.777358 -0.609767 -0.154592
vn 0.943611 -0.272703 -0.187702
vn 0.777358 -0.609767 -0.154592
vn 0.888865 -0.272689 -0.368185
vn 0.888865 -0.272689 -0.368185
vn 0.777358 -0.609767 -0.154592
vn 0.732327 -0.609722 -0.303211
vn 0.888865 -0.272689 -0.368185
vn 0.732327 -0.609722 -0.303211
vn 0.799942 -0.272714 -0.534528
vn 0.799942 -0.272714 -0.534528
vn 0.732327 -0.609722 -0.303211
vn 0.659000 -0.609800 -0.440300
vn 0.799942 -0.272714 -0.534528
vn 0.659000 -0.609800 -0.440300
vn 0.680288 -0.272795 -0.680288
vn 0.680288 -0.272795 -0.680288
vn 0.659000 -0.609800 -0.440300
vn 0.560385 -0.609683 -0.560585
vn 0.680288 -0.272795 -0.680288
vn 0.560385 -0.609683 -0.560585
vn 0.534485 -0.272692 -0.799978
vn 0.534485 -0.272692 -0.799978
vn 0.560385 -0.609683 -0.560585
vn 0.440190 -0.609786 -0.659085
vn 0.534485 -0.272692 -0.799978
vn 0.440190 -0.609786 -0.659085
vn 0.368185 -0.272689 -0.888865
vn 0.368185 -0.272689 -0.888865
vn 0.440190 -0.609786 -0.659085
vn 0.303302 -0.609704 -0.732304
vn 0.368185 -0.272689 -0.888865
vn 0.303302 -0.609704 -0.732304
vn 0.187702 -0.272703 -0.943611
vn 0.187702 -0.272703 -0.943611
vn 0.303302 -0.609704 -0.732304
vn 0.154592 -0.609767 -0.777358
vn 0.187702 -0.272703 -0.943611
vn 0.154592 -0.609767 -0.777358
vn 0.000000 -0.272700 -0.962099
vn 0.000000 -0.272700 -0.962099
vn 0.154592 -0.609767 -0.777358
vn 0.000000 -0.609716 -0.792620
vn 0.000000 0.918206 -0.396103
vn 0.000000 -0.494490 -0.869183
vn -0.077300 0.918201 -0.388500
vn -0.077300 0.918201 -0.388500
vn 0.000000 -0.494490 -0.869183
vn -0.169701 -0.494404 -0.852506
vn 0.000000 -0.272700 -0.962099
vn -0.187702 -0.272703 -0.943611
vn 0.000000 -0.494490 -0.869183
vn 0.000000 -0.494490 -0.869183
vn -0.187702 -0.272703 -0.943611
vn -0.169596 -0.494487 -0.852479
vn -0.077300 0.918201 -0.388500
vn -0.169701 -0.494404 -0.852506
vn -0.151603 0.918220 -0.365908
vn -0.151603 0.918220 -0.365908
vn -0.169701 -0.494404 -0.852506
vn -0.332801 -0.494401 -0.803002
vn -0.187702 -0.272703 -0.943611
vn -0.368185 -0.272689 -0.888865
vn -0.169596 -0.494487 -0.852479
vn -0.169596 -0.494487 -0.852479
vn -0.368185 -0.272689 -0.888865
vn -0.332695 -0.494493 -0.802989
vn -0.151603 0.918220 -0.365908
vn -0.332801 -0.494401 -0.803002
vn -0.220103 0.918212 -0.329304
vn -0.220103 0.918212 -0.329304
vn -0.332801 -0.494401 -0.803002
vn -0.483031 -0.494432 -0.722647
vn -0.368185 -0.272689 -0.888865
vn -0.534528 -0.272714 -0.799942
vn -0.332695 -0.494493 -0.802989
vn -0.332695 -0.494493 -0.802989
vn -0.534528 -0.272714 -0.799942
vn -0.482896 -0.494496 -0.722694
vn -0.220103 0.918212 -0.329304
vn -0.483031 -0.494432 -0.722647
vn -0.280100 0.918198 -0.280100
vn -0.280100 0.918198 -0.280100
vn -0.483031 -0.494432 -0.722647
vn -0.614531 -0.494425 -0.614731
vn -0.534528 -0.272714 -0.799942
vn -0.680288 -0.272795 -0.680288
vn -0.482896 -0.494496 -0.722694
vn -0.482896 -0.494496 -0.722694
vn -0.680288 -0.272795 -0.680288
vn -0.614563 -0.494470 -0.614663
vn -0.280100 0.918198 -0.280100
vn -0.614531 -0.494425 -0.614731
vn -0.329304 0.918212 -0.220103
vn -0.329304 0.918212 -0.220103
vn -0.614531 -0.494425 -0.614731
vn -0.722729 -0.494420 -0.482920
vn -0.680288 -0.272795 -0.680288
vn -0.799978 -0.272692 -0.534485
vn -0.614563 -0.494470 -0.614663
vn -0.614563 -0.494470 -0.614663
vn -0.799978 -0.272692 -0.534485
vn -0.722694 -0.494496 -0.482896
vn -0.329304 0.918212 -0.220103
vn -0.722729 -0.494420 -0.482920
vn -0.365908 0.918220 -0.151603
vn -0.365908 0.918220 -0.151603
vn -0.722729 -0.494420 -0.482920
vn -0.803091 -0.494394 -0.332596
vn -0.799978 -0.272692 -0.534485
vn -0.888844 -0.272713 -0.368218
vn -0.722694 -0.494496 -0.482896
vn -0.722694 -0.494496 -0.482896
vn -0.888844 -0.272713 -0.368218
vn -0.803016 -0.494509 -0.332606
vn -0.365908 0.918220 -0.151603
vn -0.803091 -0.494394 -0.332596
vn -0.388500 0.918201 -0.077300
vn -0.388500 0.918201 -0.077300
vn -0.803091 -0.494394 -0.332596
vn -0.852506 -0.494404 -0.169701
vn -0.888844 -0.272713 -0.368218
vn -0.943611 -0.272703 -0.187702
vn -0.803016 -0.494509 -0.332606
vn -0.803016 -0.494509 -0.332606
vn -0.943611 -0.272703 -0.187702
vn -0.852493 -0.494496 -0.169499
vn -0.388500 0.918201 -0.077300
vn -0.852506 -0.494404 -0.169701
vn -0.396103 0.918206 0.000000
vn -0.396103 0.918206 0.000000
vn -0.852506 -0.494404 -0.169701
vn -0.869183 -0.494490 0.000000
vn -0.943611 -0.272703 -0.187702
vn -0.962099 -0.272700 0.000000
vn -0.852493 -0.494496 -0.169499
vn -0.852493 -0.494496 -0.169499
vn -0.962099 -0.272700 0.000000
vn -0.869183 -0.494490 0.000000
vn -0.396103 0.918206 0.000000
vn -0.869183 -0.494490 0.000000
vn -0.388500 0.918201 0.077300
vn -0.388500 0.918201 0.077300
vn -0.869183 -0.494490 0.000000
vn -0.852506 -0.494404 0.169701
vn -0.962099 -0.272700 0.000000
vn -0.943611 -0.272703 0.187702
vn -0.869183 -0.494490 0.000000
vn -0.869183 -0.494490 0.000000
vn -0.943611 -0.272703 0.187702
vn -0.852493 -0.494496 0.169499
vn -0.388500 0.918201 0.077300
vn -0.852506 -0.494404 0.169701
vn -0.365908 0.918220 0.151603
vn -0.365908 0.918220 0.151603
vn -0.852506 -0.494404 0.169701
vn -0.803091 -0.494394 0.332596
vn -0.943611 -0.272703 0.187702
vn -0.888865 -0.272689 0.368185
vn -0.852493 -0.494496 0.169499
vn -0.852493 -0.494496 0.169499
vn -0.888865 -0.272689 0.368185
vn -0.802989 -0.494493 0.332695
vn -0.365908 0.918220 0.151603
vn -0.803091 -0.494394 0.332596
vn -0.329304 0.918212 0.220103
vn -0.329304 0.918212 0.220103
vn -0.803091 -0.494394 0.332596
vn -0.722729 -0.494420 0.482920
vn -0.888865 -0.272689 0.368185
vn -0.799942 -0.272714 0.534528
vn -0.802989 -0.494493 0.332695
vn -0.802989 -0.494493 0.332695
vn -0.799942 -0.272714 0.534528
vn -0.722694 -0.494496 0.482896
vn -0.329304 0.918212 0.220103
vn -0.722729 -0.494420 0.482920
vn -0.280100 0.918198 0.280100
vn -0.280100 0.918198 0.280100
vn -0.722729 -0.494420 0.482920
vn -0.614531 -0.494425 0.614731
vn -0.799942 -0.272714 0.534528
vn -0.680288 -0.272795 0.680288
vn -0.722694 -0.494496 0.482896
vn -0.722694 -0.494496 0.482896
vn -0.680288 -0.272795 0.680288
vn -0.614601 -0.494501 0.614601
vn -0.280100 0.918198 0.280100
vn -0.614531 -0.494425 0.614731
vn -0.220103 0.918212 0.329304
vn -0.220103 0.918212 0.329304
vn -0.614531 -0.494425 0.614731
vn -0.482920 -0.494420 0.722729
vn -0.680288 -0.272795 0.680288
vn -0.534485 -0.272692 0.799978
vn -0.614601 -0.494501 0.614601
vn -0.614601 -0.494501 0.614601
vn -0.534485 -0.272692 0.799978
vn -0.482972 -0.494472 0.722659
vn -0.220103 0.918212 0.329304
vn -0.482920 -0.494420 0.722729
vn -0.151603 0.918220 0.365908
vn -0.151603 0.918220 0.365908
vn -0.482920 -0.494420 0.722729
vn -0.332685 -0.494378 0.803064
vn -0.534485 -0.272692 0.799978
vn -0.368218 -0.272713 0.888844
vn -0.482972 -0.494472 0.722659
vn -0.482972 -0.494472 0.722659
vn -0.368218 -0.272713 0.888844
vn -0.332606 -0.494509 0.803015
vn -0.151603 0.918220 0.365908
vn -0.332685 -0.494378 0.803064
vn -0.077300 0.918201 0.388500
vn -0.077300 0.918201 0.388500
vn -0.332685 -0.494378 0.803064
vn -0.169604 -0.494412 0.852521
vn -0.368218 -0.272713 0.888844
vn -0.187702 -0.272703 0.943611
vn -0.332606 -0.494509 0.803015
vn -0.332606 -0.494509 0.803015
vn -0.187702 -0.272703 0.943611
vn -0.169596 -0.494487 0.852479
vn -0.077300 0.918201 0.388500
vn -0.169604 -0.494412 0.852521
vn 0.000000 0.918206 0.396103
vn 0.000000 0.918206 0.396103
vn -0.169604 -0.494412 0.852521
vn 0.000000 -0.494490 0.869183
vn -0.187702 -0.272703 0.943611
vn 0.000000 -0.272700 0.962099
vn -0.169193 -0.494479 0.852564
vn -0.169193 -0.494479 0.852564
vn 0.000000 -0.272700 0.962099
vn -0.000100 -0.494490 0.869183
vn 0.000000 0.918206 0.396103
vn 0.000000 -0.494490 0.869183
vn 0.077300 0.918201 0.388500
vn 0.077300 0.918201 0.388500
vn 0.000000 -0.494490 0.869183
vn 0.169604 -0.494412 0.852521
vn 0.000000 -0.272700 0.962099
vn 0.187702 -0.272703 0.943611
vn -0.000100 -0.494490 0.869183
vn -0.000100 -0.494490 0.869183
vn 0.187702 -0.272703 0.943611
vn 0.169596 -0.494487 0.852479
vn 0.077300 0.918201 0.388500
vn 0.169604 -0.494412 0.852521
vn 0.151603 0.918220 0.365908
vn 0.151603 0.918220 0.365908
vn 0.169604 -0.494412 0.852521
vn 0.332801 -0.494401 0.803002
vn 0.187702 -0.272703 0.943611
vn 0.368185 -0.272689 0.888865
vn 0.169596 -0.494487 0.852479
vn 0.169596 -0.494487 0.852479
vn 0.368185 -0.272689 0.888865
vn 0.332695 -0.494493 0.802989
vn 0.151603 0.918220 0.365908
vn 0.332801 -0.494401 0.803002
vn 0.220103 0.918212 0.329304
vn 0.220103 0.918212 0.329304
vn 0.332801 -0.494401 0.803002
vn 0.482920 -0.494420 0.722729
vn 0.368185 -0.272689 0.888865
vn 0.534528 -0.272714 0.799942
vn 0.332695 -0.494493 0.802989
vn 0.332695 -0.494493 0.802989
vn 0.534528 -0.272714 0.799942
vn 0.482896 -0.494496 0.722694
vn 0.220103 0.918212 0.329304
vn 0.482920 -0.494420 0.722729
vn 0.280100 0.918198 0.280100
vn 0.280100 0.918198 0.280100
vn 0.482920 -0.494420 0.722729
vn 0.614631 -0.494425 0.614631
vn 0.534528 -0.272714 0.799942
vn 0.680306 -0.272703 0.680306
vn 0.482896 -0.494496 0.722694
vn 0.482896 -0.494496 0.722694
vn 0.680306 -0.272703 0.680306
vn 0.614601 -0.494501 0.614601
vn 0.280100 0.918198 0.280100
vn 0.614631 -0.494425 0.614631
vn 0.329304 0.918212 0.220103
vn 0.329304 0.918212 0.220103
vn 0.614631 -0.494425 0.614631
vn 0.722729 -0.494420 0.482920
vn 0.680306 -0.272703 0.680306
vn 0.799978 -0.272692 0.534485
vn 0.614601 -0.494501 0.614601
vn 0.614601 -0.494501 0.614601
vn 0.799978 -0.272692 0.534485
vn 0.722659 -0.494472 0.482972
vn 0.329304 0.918212 0.220103
vn 0.722729 -0.494420 0.482920
vn 0.365908 0.918220 0.151603
vn 0.365908 0.918220 0.151603
vn 0.722729 -0.494420 0.482920
vn 0.803002 -0.494401 0.332801
vn 0.799978 -0.272692 0.534485
vn 0.888865 -0.272689 0.368185
vn 0.722659 -0.494472 0.482972
vn 0.722659 -0.494472 0.482972
vn 0.888865 -0.272689 0.368185
vn 0.803016 -0.494509 0.332606
vn 0.365908 0.918220 0.151603
vn 0.803002 -0.494401 0.332801
vn 0.388500 0.918201 0.077300
vn 0.388500 0.918201 0.077300
vn 0.803002 -0.494401 0.332801
vn 0.852506 -0.494404 0.169701
vn 0.888865 -0.272689 0.368185
vn 0.943611 -0.272703 0.187702
vn 0.803016 -0.494509 0.332606
vn 0.803016 -0.494509 0.332606
vn 0.943611 -0.272703 0.187702
vn 0.852479 -0.494487 0.169596
vn 0.388500 0.918201 0.077300
vn 0.852506 -0.494404 0.169701
vn 0.396103 0.918206 0.000000
vn 0.396103 0.918206 0.000000
vn 0.852506 -0.494404 0.169701
vn 0.869183 -0.494490 0.000000
vn 0.943611 -0.272703 0.187702
vn 0.962099 -0.272700 0.000000
vn 0.852479 -0.494487 0.169596
vn 0.852479 -0.494487 0.169596
vn 0.962099 -0.272700 0.000000
vn 0.869183 -0.494490 0.000100
vn 0.396103 0.918206 0.000000
vn 0.869183 -0.494490 0.000000
vn 0.388500 0.918201 -0.077300
vn 0.388500 0.918201 -0.077300
vn 0.869183 -0.494490 0.000000
vn 0.852521 -0.494412 -0.169604
vn 0.962099 -0.272700 0.000000
vn 0.943611 -0.272703 -0.187702
vn 0.869183 -0.494490 0.000100
vn 0.869183 -0.494490 0.000100
vn 0.943611 -0.272703 -0.187702
vn 0.852493 -0.494496 -0.169499
vn 0.388500 0.918201 -0.077300
vn 0.852521 -0.494412 -0.169604
vn 0.365908 0.918220 -0.151603
vn 0.365908 0.918220 -0.151603
vn 0.852521 -0.494412 -0.169604
vn 0.803064 -0.494378 -0.332685
vn 0.943611 -0.272703 -0.187702
vn 0.888865 -0.272689 -0.368185
vn 0.852493 -0.494496 -0.169499
vn 0.852493 -0.494496 -0.169499
vn 0.888865 -0.272689 -0.368185
vn 0.802989 -0.494493 -0.332695
vn 0.365908 0.918220 -0.151603
vn 0.803064 -0.494378 -0.332685
vn 0.329304 0.918212 -0.220103
vn 0.329304 0.918212 -0.220103
vn 0.803064 -0.494378 -0.332685
vn 0.722729 -0.494420 -0.482920
vn 0.888865 -0.272689 -0.368185
vn 0.799942 -0.272714 -0.534528
vn 0.802989 -0.494493 -0.332695
vn 0.802989 -0.494493 -0.332695
vn 0.799942 -0.272714 -0.534528
vn 0.722694 -0.494496 -0.482896
vn 0.329304 0.918212 -0.220103
vn 0.722729 -0.494420 -0.482920
vn 0.280100 0.918198 -0.280100
vn 0.280100 0.918198 -0.280100
vn 0.722729 -0.494420 -0.482920
vn 0.614631 -0.494425 -0.614631
vn 0.799942 -0.272714 -0.534528
vn 0.680288 -0.272795 -0.680288
vn 0.722694 -0.494496 -0.482896
vn 0.722694 -0.494496 -0.482896
vn 0.680288 -0.272795 -0.680288
vn 0.614601 -0.494501 -0.614601
vn 0.280100 0.918198 -0.280100
vn 0.614631 -0.494425 -0.614631
vn 0.220103 0.918212 -0.329304
vn 0.220103 0.918212 -0.329304
vn 0.614631 -0.494425 -0.614631
vn 0.482920 -0.494420 -0.722729
vn 0.680288 -0.272795 -0.680288
vn 0.534485 -0.272692 -0.799978
vn 0.614601 -0.494501 -0.614601
vn 0.614601 -0.494501 -0.614601
vn 0.534485 -0.272692 -0.799978
vn 0.482896 -0.494496 -0.722694
vn 0.220103 0.918212 -0.329304
vn 0.482920 -0.494420 -0.722729
vn 0.151603 0.918220 -0.365908
vn 0.151603 0.918220 -0.365908
vn 0.482920 -0.494420 -0.722729
vn 0.332596 -0.494394 -0.803091
vn 0.534485 -0.272692 -0.799978
vn 0.368185 -0.272689 -0.888865
vn 0.482896 -0.494496 -0.722694
vn 0.482896 -0.494496 -0.722694
vn 0.368185 -0.272689 -0.888865
vn 0.332606 -0.494509 -0.803015
vn 0.151603 0.918220 -0.365908
vn 0.332596 -0.494394 -0.803091
vn 0.077300 0.918201 -0.388500
vn 0.077300 0.918201 -0.388500
vn 0.332596 -0.494394 -0.803091
vn 0.169507 -0.494420 -0.852535
vn 0.368185 -0.272689 -0.888865
vn 0.187702 -0.272703 -0.943611
vn 0.332606 -0.494509 -0.803015
vn 0.332606 -0.494509 -0.803015
vn 0.187702 -0.272703 -0.943611
vn 0.169596 -0.494487 -0.852479
vn 0.077300 0.918201 -0.388500
vn 0.169507 -0.494420 -0.852535
vn 0.000000 0.918206 -0.396103
vn 0.000000 0.918206 -0.396103
vn 0.169507 -0.494420 -0.852535
vn 0.000000 -0.494490 -0.869183
vn 0.187702 -0.272703 -0.943611
vn 0.000000 -0.272700 -0.962099
vn 0.169596 -0.494487 -0.852479
vn 0.169596 -0.494487 -0.852479
vn 0.000000 -0.272700 -0.962099
vn 0.000000 -0.494490 -0.869183
s off
f 5/1/1 6/2/2 1/3/3
f 1/3/4 6/2/5 7/4/6
f 8/5/7 9/6/8 1/3/9
f 1/3/10 9/6/11 5/1/12
f 1/3/13 7/4/14 8/5/15
f 8/5/16 7/4/17 10/7/18
f 11/8/19 12/9/20 2/10/21
f 2/10/22 12/9/23 4/11/24
f 13/12/25 14/13/26 2/10/27
f 2/10/28 14/13/29 11/8/30
f 4/11/31 15/14/32 2/10/33
f 2/10/34 15/14/35 13/12/36
f 16/15/37 17/16/38 3/17/39
f 3/17/40 17/16/41 18/18/42
f 18/18/43 19/19/44 3/17/45
f 3/17/46 19/19/47 20/20/48
f 20/20/49 21/21/50 3/17/51
f 3/17/52 21/21/53 16/15/54
f 4/11/55 12/9/56 23/22/57
f 23/22/58 12/9/59 22/23/60
f 4/11/61 23/22/62 25/24/63
f 25/24/64 23/22/65 24/25/66
f 27/26/67 30/27/68 28/28/69
f 28/28/70 30/27/71 31/29/72
f 31/29/73 32/30/74 28/28/75
f 28/28/76 32/30/77 29/31/78
f 32/30/79 33/32/80 29/31/81
f 29/31/82 33/32/83 34/33/84
f 32/30/85 31/29/86 36/34/87
f 36/34/88 31/29/89 35/35/90
f 36/34/91 37/36/92 32/30/93
f 32/30/94 37/36/95 33/32/96
f 38/37/97 40/38/98 37/36/99
f 37/36/100 40/38/101 33/32/102
f 37/36/103 36/34/104 43/39/105
f 43/39/106 36/34/107 42/40/108
f 37/36/109 43/39/110 38/37/111
f 38/37/112 43/39/113 44/41/114
f 46/42/115 47/43/116 45/44/117
f 45/44/118 47/43/119 39/45/120
f 43/39/121 24/25/122 44/41/123
f 44/41/124 24/25/125 48/46/126
f 45/44/127 49/47/128 46/42/129
f 46/42/130 49/47/131 50/48/132
f 51/49/133 52/50/134 50/48/135
f 50/48/136 52/50/137 46/42/138
f 49/47/139 54/51/140 50/48/141
f 50/48/142 54/51/143 55/52/144
f 50/48/145 55/52/146 51/49/147
f 51/49/148 55/52/149 56/53/150
f 57/54/151 58/55/152 56/53/153
f 56/53/154 58/55/155 51/49/156
f 55/52/157 59/56/158 56/53/159
f 56/53/160 59/56/161 60/57/162
f 56/53/163 60/57/164 57/54/165
f 57/54/166 60/57/167 61/58/168
f 62/59/169 63/60/170 61/58/171
f 61/58/172 63/60/173 57/54/174
f 61/58/175 60/57/176 65/61/177
f 65/61/178 60/57/179 64/62/180
f 61/58/181 65/61/182 62/59/183
f 62/59/184 65/61/185 66/63/186
f 67/64/187 68/65/188 66/63/189
f 66/63/190 68/65/191 62/59/192
f 66/63/193 65/61/194 19/19/195
f 19/19/196 65/61/197 20/20/198
f 66/63/199 19/19/200 67/64/201
f 67/64/202 19/19/203 69/66/204
f 70/67/205 71/68/206 69/66/207
f 69/66/208 71/68/209 67/64/210
f 69/66/211 19/19/212 72/69/213
f 72/69/214 19/19/215 18/18/216
f 72/69/217 73/70/218 69/66/219
f 69/66/220 73/70/221 70/67/222
f 74/71/223 75/72/224 73/70/225
f 73/70/226 75/72/227 70/67/228
f 73/70/229 72/69/230 77/73/231
f 77/73/232 72/69/233 76/74/234
f 78/75/235 77/73/236 80/76/237
f 80/76/238 77/73/239 79/77/240
f 79/77/241 82/78/242 80/76/243
f 80/76/244 82/78/245 84/79/246
f 83/80/247 81/81/248 86/82/249
f 86/82/250 81/81/251 85/83/252
f 86/82/253 85/83/254 88/84/255
f 88/84/256 85/83/257 87/85/258
f 88/84/259 87/85/260 90/86/261
f 90/86/262 87/85/263 89/87/264
f 89/87/265 91/88/266 90/86/267
f 90/86/268 91/88/269 92/89/270
f 91/88/271 93/90/272 92/89/273
f 92/89/274 93/90/275 94/91/276
f 93/90/277 95/92/278 94/91/279
f 94/91/280 95/92/281 96/93/282
f 95/92/283 97/94/284 96/93/285
f 96/93/286 97/94/287 98/95/288
f 97/94/289 99/96/290 98/95/291
f 98/95/292 99/96/293 100/97/294
f 99/96/295 101/98/296 100/97/297
f 100/97/298 101/98/299 102/99/300
f 102/99/301 101/98/302 104/100/303
f 104/100/304 101/98/305 103/101/306
f 103/101/307 105/102/308 104/100/309
f 104/100/310 105/102/311 106/103/312
f 105/102/313 107/104/314 106/103/315
f 106/103/316 107/104/317 108/105/318
f 110/106/319 109/107/320 112/108/321
f 112/108/322 109/107/323 111/109/324
f 111/109/325 113/110/326 112/108/327
f 112/108/328 113/110/329 114/111/330
f 113/110/331 115/112/332 114/111/333
f 114/111/334 115/112/335 116/113/336
f 115/112/337 117/114/338 116/113/339
f 116/113/340 117/114/341 118/115/342
f 118/115/343 117/114/344 120/116/345
f 120/116/346 117/114/347 119/117/348
f 120/116/349 119/117/350 122/118/351
f 122/118/352 119/117/353 121/119/354
f 122/118/355 121/119/356 123/120/357
f 123/120/358 121/119/359 71/68/360
f 71/68/361 70/67/362 123/120/363
f 123/120/364 70/67/365 75/72/366
f 121/119/367 119/117/368 68/65/369
f 68/65/370 119/117/371 124/121/372
f 68/65/373 67/64/374 121/119/375
f 121/119/376 67/64/377 71/68/378
f 119/117/379 117/114/380 124/121/381
f 124/121/382 117/114/383 125/122/384
f 124/121/385 125/122/386 63/60/387
f 63/60/388 125/122/389 126/123/390
f 63/60/391 62/59/392 124/121/393
f 124/121/394 62/59/395 68/65/396
f 125/122/397 127/124/398 126/123/399
f 126/123/400 127/124/401 128/125/402
f 126/123/403 128/125/404 58/55/405
f 58/55/406 128/125/407 129/126/408
f 58/55/409 57/54/410 126/123/411
f 126/123/412 57/54/413 63/60/414
f 128/125/415 130/127/416 129/126/417
f 129/126/418 130/127/419 131/128/420
f 129/126/421 131/128/422 52/50/423
f 52/50/424 131/128/425 132/129/426
f 52/50/427 51/49/428 129/126/429
f 129/126/430 51/49/431 58/55/432
f 131/128/433 133/130/434 132/129/435
f 132/129/436 133/130/437 134/131/438
f 132/129/439 134/131/440 47/43/441
f 47/43/442 134/131/443 135/132/444
f 47/43/445 46/42/446 132/129/447
f 132/129/448 46/42/449 52/50/450
f 134/131/451 136/133/452 135/132/453
f 135/132/454 136/133/455 137/134/456
f 135/132/457 137/134/458 41/135/459
f 41/135/460 137/134/461 139/136/462
f 41/135/463 39/45/464 135/132/465
f 135/132/466 39/45/467 47/43/468
f 34/33/469 33/32/470 138/137/471
f 138/137/472 33/32/473 40/38/474
f 136/133/475 134/131/476 140/138/477
f 140/138/478 134/131/479 133/130/480
f 140/138/481 133/130/482 141/139/483
f 141/139/484 133/130/485 142/140/486
f 143/141/487 144/142/488 142/140/489
f 142/140/490 144/142/491 141/139/492
f 133/130/493 131/128/494 142/140/495
f 142/140/496 131/128/497 130/127/498
f 142/140/499 130/127/500 143/141/501
f 143/141/502 130/127/503 145/143/504
f 145/143/505 113/110/506 143/141/507
f 143/141/508 113/110/509 111/109/510
f 130/127/511 128/125/512 145/143/513
f 145/143/514 128/125/515 127/124/516
f 145/143/517 127/124/518 113/110/519
f 113/110/520 127/124/521 115/112/522
f 143/141/523 111/109/524 144/142/525
f 144/142/526 111/109/527 109/107/528
f 127/124/529 125/122/530 115/112/531
f 115/112/532 125/122/533 117/114/534
f 107/104/535 105/102/536 26/144/537
f 26/144/538 105/102/539 146/145/540
f 30/27/541 27/26/542 146/145/543
f 146/145/544 27/26/545 26/144/546
f 105/102/547 103/101/548 146/145/549
f 146/145/550 103/101/551 147/146/552
f 146/145/553 147/146/554 30/27/555
f 30/27/556 147/146/557 148/147/558
f 148/147/559 35/35/560 30/27/561
f 30/27/562 35/35/563 31/29/564
f 148/147/565 147/146/566 150/148/567
f 150/148/568 147/146/569 149/149/570
f 150/148/571 151/150/572 148/147/573
f 148/147/574 151/150/575 35/35/576
f 151/150/577 42/40/578 35/35/579
f 35/35/580 42/40/581 36/34/582
f 151/150/583 150/148/584 153/151/585
f 153/151/586 150/148/587 152/152/588
f 153/151/589 25/24/590 151/150/591
f 151/150/592 25/24/593 42/40/594
f 153/151/595 152/152/596 15/14/597
f 15/14/598 152/152/599 154/153/600
f 153/151/601 15/14/602 25/24/603
f 25/24/604 15/14/605 4/11/606
f 152/152/607 155/154/608 154/153/609
f 154/153/610 155/154/611 156/155/612
f 154/153/613 156/155/614 158/156/615
f 158/156/616 156/155/617 157/157/618
f 158/156/619 13/12/620 154/153/621
f 154/153/622 13/12/623 15/14/624
f 158/156/625 157/157/626 160/158/627
f 160/158/628 157/157/629 159/159/630
f 160/158/631 14/13/632 158/156/633
f 158/156/634 14/13/635 13/12/636
f 160/158/637 159/159/638 162/160/639
f 162/160/640 159/159/641 161/161/642
f 162/160/643 9/6/644 160/158/645
f 160/158/646 9/6/647 14/13/648
f 161/161/649 163/162/650 162/160/651
f 162/160/652 163/162/653 164/163/654
f 162/160/655 164/163/656 9/6/657
f 9/6/658 164/163/659 5/1/660
f 163/162/661 165/164/662 164/163/663
f 164/163/664 165/164/665 166/165/666
f 164/163/667 166/165/668 5/1/669
f 5/1/670 166/165/671 6/2/672
f 165/164/673 167/166/674 166/165/675
f 166/165/676 167/166/677 168/167/678
f 166/165/679 168/167/680 6/2/681
f 6/2/682 168/167/683 169/168/684
f 170/169/685 7/4/686 169/168/687
f 169/168/688 7/4/689 6/2/690
f 168/167/691 171/170/692 169/168/693
f 169/168/694 171/170/695 173/171/696
f 169/168/697 173/171/698 170/169/699
f 170/169/700 173/171/701 175/172/702
f 176/173/703 177/174/704 180/175/705
f 180/175/706 177/174/707 178/176/708
f 179/177/709 181/178/710 175/172/711
f 175/172/712 181/178/713 170/169/714
f 174/179/715 182/180/716 176/173/717
f 176/173/718 182/180/719 177/174/720
f 182/180/721 174/179/722 183/181/723
f 183/181/724 174/179/725 172/182/726
f 183/181/727 17/16/728 182/180/729
f 182/180/730 17/16/731 16/15/732
f 182/180/733 16/15/734 177/174/735
f 177/174/736 16/15/737 21/21/738
f 183/181/739 172/182/740 186/183/741
f 186/183/742 172/182/743 185/184/744
f 183/181/745 186/183/746 17/16/747
f 17/16/748 186/183/749 76/74/750
f 186/183/751 185/184/752 79/77/753
f 79/77/754 185/184/755 82/78/756
f 186/183/757 79/77/758 76/74/759
f 76/74/760 79/77/761 77/73/762
f 171/170/763 168/167/764 184/185/765
f 184/185/766 168/167/767 167/166/768
f 184/185/769 167/166/770 81/81/771
f 81/81/772 167/166/773 85/83/774
f 179/177/775 187/186/776 181/178/777
f 181/178/778 187/186/779 22/23/780
f 181/178/781 22/23/782 10/7/783
f 10/7/784 22/23/785 12/9/786
f 181/178/787 10/7/788 170/169/789
f 170/169/790 10/7/791 7/4/792
f 59/56/793 55/52/794 188/187/795
f 188/187/796 55/52/797 54/51/798
f 187/186/799 53/188/800 22/23/801
f 22/23/802 53/188/803 23/22/804
f 180/175/805 178/176/806 188/187/807
f 188/187/808 178/176/809 59/56/810
f 178/176/811 64/62/812 59/56/813
f 59/56/814 64/62/815 60/57/816
f 177/174/817 21/21/818 178/176/819
f 178/176/820 21/21/821 64/62/822
f 167/166/823 165/164/824 85/83/825
f 85/83/826 165/164/827 87/85/828
f 165/164/829 163/162/830 87/85/831
f 87/85/832 163/162/833 89/87/834
f 163/162/835 161/161/836 89/87/837
f 89/87/838 161/161/839 91/88/840
f 159/159/841 93/90/842 161/161/843
f 161/161/844 93/90/845 91/88/846
f 157/157/847 95/92/848 159/159/849
f 159/159/850 95/92/851 93/90/852
f 156/155/853 97/94/854 157/157/855
f 157/157/856 97/94/857 95/92/858
f 155/154/859 99/96/860 156/155/861
f 156/155/862 99/96/863 97/94/864
f 155/154/865 152/152/866 149/149/867
f 149/149/868 152/152/869 150/148/870
f 149/149/871 101/98/872 155/154/873
f 155/154/874 101/98/875 99/96/876
f 147/146/877 103/101/878 149/149/879
f 149/149/880 103/101/881 101/98/882
f 72/69/883 18/18/884 76/74/885
f 76/74/886 18/18/887 17/16/888
f 65/61/889 64/62/890 20/20/891
f 20/20/892 64/62/893 21/21/894
f 53/188/895 48/46/896 23/22/897
f 23/22/898 48/46/899 24/25/900
f 43/39/901 42/40/902 24/25/903
f 24/25/904 42/40/905 25/24/906
f 14/13/907 9/6/908 11/8/909
f 11/8/910 9/6/911 8/5/912
f 11/8/913 8/5/914 12/9/915
f 12/9/916 8/5/917 10/7/918
f 74/71/919 73/70/920 78/75/921
f 78/75/922 73/70/923 77/73/924
f 195/189/925 194/190/926 189/191/927
f 189/191/928 194/190/929 193/192/930
f 193/192/931 197/193/932 189/191/933
f 189/191/934 197/193/935 196/194/936
f 189/191/937 196/194/938 195/189/939
f 195/189/940 196/194/941 198/195/942
f 192/196/943 200/197/944 190/198/945
f 190/198/946 200/197/947 199/199/948
f 199/199/949 202/200/950 190/198/951
f 190/198/952 202/200/953 201/201/954
f 201/201/955 203/202/956 190/198/957
f 190/198/958 203/202/959 192/196/960
f 206/203/961 205/204/962 191/205/963
f 191/205/964 205/204/965 204/206/966
f 208/207/967 207/208/968 191/205/969
f 191/205/970 207/208/971 206/203/972
f 204/206/973 209/209/974 191/205/975
f 191/205/976 209/209/977 208/207/978
f 192/196/979 211/210/980 200/197/981
f 200/197/982 211/210/983 210/211/984
f 192/196/985 213/212/986 211/210/987
f 211/210/988 213/212/989 212/213/990
f 219/214/991 218/215/992 216/216/993
f 216/216/994 218/215/995 215/217/996
f 217/218/997 220/219/998 216/216/999
f 216/216/1000 220/219/1001 219/214/1002
f 220/219/1003 217/218/1004 221/220/1005
f 221/220/1006 217/218/1007 222/221/1008
f 220/219/1009 224/222/1010 219/214/1011
f 219/214/1012 224/222/1013 223/223/1014
f 221/220/1015 225/224/1016 220/219/1017
f 220/219/1018 225/224/1019 224/222/1020
f 221/220/1021 229/225/1022 225/224/1023
f 225/224/1024 229/225/1025 227/226/1026
f 225/224/1027 231/227/1028 224/222/1029
f 224/222/1030 231/227/1031 230/228/1032
f 225/224/1033 227/226/1034 231/227/1035
f 231/227/1036 227/226/1037 233/229/1038
f 226/230/1039 235/231/1040 232/232/1041
f 232/232/1042 235/231/1043 234/233/1044
f 237/234/1045 212/213/1046 233/229/1047
f 233/229/1048 212/213/1049 231/227/1050
f 232/232/1051 234/233/1052 236/235/1053
f 236/235/1054 234/233/1055 238/236/1056
f 234/233/1057 240/237/1058 238/236/1059
f 238/236/1060 240/237/1061 239/238/1062
f 243/239/1063 241/240/1064 238/236/1065
f 238/236/1066 241/240/1067 236/235/1068
f 238/236/1069 239/238/1070 243/239/1071
f 243/239/1072 239/238/1073 244/241/1074
f 239/238/1075 246/242/1076 244/241/1077
f 244/241/1078 246/242/1079 245/243/1080
f 248/244/1081 247/245/1082 244/241/1083
f 244/241/1084 247/245/1085 243/239/1086
f 244/241/1087 245/243/1088 248/244/1089
f 248/244/1090 245/243/1091 249/246/1092
f 245/243/1093 251/247/1094 249/246/1095
f 249/246/1096 251/247/1097 250/248/1098
f 249/246/1099 253/249/1100 248/244/1101
f 248/244/1102 253/249/1103 252/250/1104
f 249/246/1105 250/248/1106 253/249/1107
f 253/249/1108 250/248/1109 254/251/1110
f 250/248/1111 256/252/1112 254/251/1113
f 254/251/1114 256/252/1115 255/253/1116
f 254/251/1117 207/208/1118 253/249/1119
f 253/249/1120 207/208/1121 208/207/1122
f 254/251/1123 255/253/1124 207/208/1125
f 207/208/1126 255/253/1127 257/254/1128
f 255/253/1129 259/255/1130 257/254/1131
f 257/254/1132 259/255/1133 258/256/1134
f 257/254/1135 260/257/1136 207/208/1137
f 207/208/1138 260/257/1139 206/203/1140
f 258/256/1141 261/258/1142 257/254/1143
f 257/254/1144 261/258/1145 260/257/1146
f 258/256/1147 75/72/1148 261/258/1149
f 261/258/1150 75/72/1151 74/71/1152
f 261/258/1153 263/259/1154 260/257/1155
f 260/257/1156 263/259/1157 262/260/1158
f 78/75/1159 80/76/1160 263/259/1161
f 263/259/1162 80/76/1163 264/261/1164
f 84/79/1165 265/262/1166 80/76/1167
f 80/76/1168 265/262/1169 264/261/1170
f 83/80/1171 86/82/1172 266/263/1173
f 266/263/1174 86/82/1175 267/264/1176
f 86/82/1177 88/84/1178 267/264/1179
f 267/264/1180 88/84/1181 268/265/1182
f 88/84/1183 90/86/1184 268/265/1185
f 268/265/1186 90/86/1187 269/266/1188
f 92/89/1189 270/267/1190 90/86/1191
f 90/86/1192 270/267/1193 269/266/1194
f 94/91/1195 271/268/1196 92/89/1197
f 92/89/1198 271/268/1199 270/267/1200
f 96/93/1201 272/269/1202 94/91/1203
f 94/91/1204 272/269/1205 271/268/1206
f 98/95/1207 273/270/1208 96/93/1209
f 96/93/1210 273/270/1211 272/269/1212
f 100/97/1213 274/271/1214 98/95/1215
f 98/95/1216 274/271/1217 273/270/1218
f 102/99/1219 275/272/1220 100/97/1221
f 100/97/1222 275/272/1223 274/271/1224
f 102/99/1225 104/100/1226 275/272/1227
f 275/272/1228 104/100/1229 276/273/1230
f 106/103/1231 277/274/1232 104/100/1233
f 104/100/1234 277/274/1235 276/273/1236
f 108/105/1237 278/275/1238 106/103/1239
f 106/103/1240 278/275/1241 277/274/1242
f 110/106/1243 112/108/1244 279/276/1245
f 279/276/1246 112/108/1247 280/277/1248
f 114/111/1249 281/278/1250 112/108/1251
f 112/108/1252 281/278/1253 280/277/1254
f 116/113/1255 282/279/1256 114/111/1257
f 114/111/1258 282/279/1259 281/278/1260
f 118/115/1261 283/280/1262 116/113/1263
f 116/113/1264 283/280/1265 282/279/1266
f 118/115/1267 120/116/1268 283/280/1269
f 283/280/1270 120/116/1271 284/281/1272
f 120/116/1273 122/118/1274 284/281/1275
f 284/281/1276 122/118/1277 285/282/1278
f 122/118/1279 123/120/1280 285/282/1281
f 285/282/1282 123/120/1283 259/255/1284
f 75/72/1285 258/256/1286 123/120/1287
f 123/120/1288 258/256/1289 259/255/1290
f 285/282/1291 256/252/1292 284/281/1293
f 284/281/1294 256/252/1295 286/283/1296
f 259/255/1297 255/253/1298 285/282/1299
f 285/282/1300 255/253/1301 256/252/1302
f 287/284/1303 283/280/1304 286/283/1305
f 286/283/1306 283/280/1307 284/281/1308
f 286/283/1309 251/247/1310 287/284/1311
f 287/284/1312 251/247/1313 288/285/1314
f 256/252/1315 250/248/1316 286/283/1317
f 286/283/1318 250/248/1319 251/247/1320
f 290/286/1321 289/287/1322 288/285/1323
f 288/285/1324 289/287/1325 287/284/1326
f 288/285/1327 246/242/1328 290/286/1329
f 290/286/1330 246/242/1331 291/288/1332
f 251/247/1333 245/243/1334 288/285/1335
f 288/285/1336 245/243/1337 246/242/1338
f 293/289/1339 292/290/1340 291/288/1341
f 291/288/1342 292/290/1343 290/286/1344
f 291/288/1345 240/237/1346 293/289/1347
f 293/289/1348 240/237/1349 294/291/1350
f 246/242/1351 239/238/1352 291/288/1353
f 291/288/1354 239/238/1355 240/237/1356
f 296/292/1357 295/293/1358 294/291/1359
f 294/291/1360 295/293/1361 293/289/1362
f 294/291/1363 235/231/1364 296/292/1365
f 296/292/1366 235/231/1367 297/294/1368
f 240/237/1369 234/233/1370 294/291/1371
f 294/291/1372 234/233/1373 235/231/1374
f 299/295/1375 298/296/1376 297/294/1377
f 297/294/1378 298/296/1379 296/292/1380
f 297/294/1381 228/297/1382 299/295/1383
f 299/295/1384 228/297/1385 300/298/1386
f 235/231/1387 226/230/1388 297/294/1389
f 297/294/1390 226/230/1391 228/297/1392
f 229/225/1393 221/220/1394 301/299/1395
f 301/299/1396 221/220/1397 222/221/1398
f 295/293/1399 296/292/1400 302/300/1401
f 302/300/1402 296/292/1403 298/296/1404
f 302/300/1405 303/301/1406 295/293/1407
f 295/293/1408 303/301/1409 304/302/1410
f 303/301/1411 306/303/1412 304/302/1413
f 304/302/1414 306/303/1415 305/304/1416
f 292/290/1417 293/289/1418 304/302/1419
f 304/302/1420 293/289/1421 295/293/1422
f 304/302/1423 305/304/1424 292/290/1425
f 292/290/1426 305/304/1427 307/305/1428
f 307/305/1429 305/304/1430 281/278/1431
f 281/278/1432 305/304/1433 280/277/1434
f 289/287/1435 290/286/1436 307/305/1437
f 307/305/1438 290/286/1439 292/290/1440
f 307/305/1441 281/278/1442 289/287/1443
f 289/287/1444 281/278/1445 282/279/1446
f 279/276/1447 280/277/1448 306/303/1449
f 306/303/1450 280/277/1451 305/304/1452
f 289/287/1453 282/279/1454 287/284/1455
f 287/284/1456 282/279/1457 283/280/1458
f 278/275/1459 214/306/1460 277/274/1461
f 277/274/1462 214/306/1463 308/307/1464
f 214/306/1465 215/217/1466 308/307/1467
f 308/307/1468 215/217/1469 218/215/1470
f 309/308/1471 276/273/1472 308/307/1473
f 308/307/1474 276/273/1475 277/274/1476
f 308/307/1477 218/215/1478 309/308/1479
f 309/308/1480 218/215/1481 310/309/1482
f 310/309/1483 218/215/1484 223/223/1485
f 223/223/1486 218/215/1487 219/214/1488
f 310/309/1489 312/310/1490 309/308/1491
f 309/308/1492 312/310/1493 311/311/1494
f 223/223/1495 313/312/1496 310/309/1497
f 310/309/1498 313/312/1499 312/310/1500
f 313/312/1501 223/223/1502 230/228/1503
f 230/228/1504 223/223/1505 224/222/1506
f 313/312/1507 315/313/1508 312/310/1509
f 312/310/1510 315/313/1511 314/314/1512
f 230/228/1513 213/212/1514 313/312/1515
f 313/312/1516 213/212/1517 315/313/1518
f 315/313/1519 203/202/1520 314/314/1521
f 314/314/1522 203/202/1523 316/315/1524
f 315/313/1525 213/212/1526 203/202/1527
f 203/202/1528 213/212/1529 192/196/1530
f 318/316/1531 317/317/1532 316/315/1533
f 316/315/1534 317/317/1535 314/314/1536
f 316/315/1537 320/318/1538 318/316/1539
f 318/316/1540 320/318/1541 319/319/1542
f 203/202/1543 201/201/1544 316/315/1545
f 316/315/1546 201/201/1547 320/318/1548
f 320/318/1549 322/320/1550 319/319/1551
f 319/319/1552 322/320/1553 321/321/1554
f 201/201/1555 202/200/1556 320/318/1557
f 320/318/1558 202/200/1559 322/320/1560
f 322/320/1561 324/322/1562 321/321/1563
f 321/321/1564 324/322/1565 323/323/1566
f 202/200/1567 197/193/1568 322/320/1569
f 322/320/1570 197/193/1571 324/322/1572
f 326/324/1573 325/325/1574 324/322/1575
f 324/322/1576 325/325/1577 323/323/1578
f 324/322/1579 197/193/1580 326/324/1581
f 326/324/1582 197/193/1583 193/192/1584
f 328/326/1585 327/327/1586 326/324/1587
f 326/324/1588 327/327/1589 325/325/1590
f 326/324/1591 193/192/1592 328/326/1593
f 328/326/1594 193/192/1595 194/190/1596
f 330/328/1597 329/329/1598 328/326/1599
f 328/326/1600 329/329/1601 327/327/1602
f 328/326/1603 194/190/1604 330/328/1605
f 330/328/1606 194/190/1607 331/330/1608
f 194/190/1609 195/189/1610 331/330/1611
f 331/330/1612 195/189/1613 332/331/1614
f 336/332/1615 334/333/1616 331/330/1617
f 331/330/1618 334/333/1619 330/328/1620
f 331/330/1621 332/331/1622 336/332/1623
f 336/332/1624 332/331/1625 338/334/1626
f 337/335/1627 341/336/1628 339/337/1629
f 339/337/1630 341/336/1631 340/338/1632
f 332/331/1633 343/339/1634 338/334/1635
f 338/334/1636 343/339/1637 342/340/1638
f 339/337/1639 344/341/1640 337/335/1641
f 337/335/1642 344/341/1643 335/342/1644
f 344/341/1645 345/343/1646 335/342/1647
f 335/342/1648 345/343/1649 333/344/1650
f 204/206/1651 205/204/1652 344/341/1653
f 344/341/1654 205/204/1655 345/343/1656
f 344/341/1657 339/337/1658 204/206/1659
f 204/206/1660 339/337/1661 209/209/1662
f 345/343/1663 348/345/1664 333/344/1665
f 333/344/1666 348/345/1667 346/346/1668
f 345/343/1669 205/204/1670 348/345/1671
f 348/345/1672 205/204/1673 262/260/1674
f 348/345/1675 264/261/1676 346/346/1677
f 346/346/1678 264/261/1679 265/262/1680
f 348/345/1681 262/260/1682 264/261/1683
f 264/261/1684 262/260/1685 263/259/1686
f 329/329/1687 330/328/1688 347/347/1689
f 347/347/1690 330/328/1691 334/333/1692
f 347/347/1693 266/263/1694 329/329/1695
f 329/329/1696 266/263/1697 267/264/1698
f 210/211/1699 350/348/1700 343/339/1701
f 343/339/1702 350/348/1703 342/340/1704
f 343/339/1705 198/195/1706 210/211/1707
f 210/211/1708 198/195/1709 200/197/1710
f 343/339/1711 332/331/1712 198/195/1713
f 198/195/1714 332/331/1715 195/189/1716
f 241/240/1717 243/239/1718 349/349/1719
f 349/349/1720 243/239/1721 247/245/1722
f 350/348/1723 210/211/1724 242/350/1725
f 242/350/1726 210/211/1727 211/210/1728
f 247/245/1729 340/338/1730 349/349/1731
f 349/349/1732 340/338/1733 341/336/1734
f 340/338/1735 247/245/1736 252/250/1737
f 252/250/1738 247/245/1739 248/244/1740
f 252/250/1741 209/209/1742 340/338/1743
f 340/338/1744 209/209/1745 339/337/1746
f 329/329/1747 267/264/1748 327/327/1749
f 327/327/1750 267/264/1751 268/265/1752
f 327/327/1753 268/265/1754 325/325/1755
f 325/325/1756 268/265/1757 269/266/1758
f 325/325/1759 269/266/1760 323/323/1761
f 323/323/1762 269/266/1763 270/267/1764
f 270/267/1765 271/268/1766 323/323/1767
f 323/323/1768 271/268/1769 321/321/1770
f 271/268/1771 272/269/1772 321/321/1773
f 321/321/1774 272/269/1775 319/319/1776
f 272/269/1777 273/270/1778 319/319/1779
f 319/319/1780 273/270/1781 318/316/1782
f 273/270/1783 274/271/1784 318/316/1785
f 318/316/1786 274/271/1787 317/317/1788
f 317/317/1789 311/311/1790 314/314/1791
f 314/314/1792 311/311/1793 312/310/1794
f 274/271/1795 275/272/1796 317/317/1797
f 317/317/1798 275/272/1799 311/311/1800
f 275/272/1801 276/273/1802 311/311/1803
f 311/311/1804 276/273/1805 309/308/1806
f 205/204/1807 206/203/1808 262/260/1809
f 262/260/1810 206/203/1811 260/257/1812
f 253/249/1813 208/207/1814 252/250/1815
f 252/250/1816 208/207/1817 209/209/1818
f 242/350/1819 211/210/1820 237/234/1821
f 237/234/1822 211/210/1823 212/213/1824
f 231/227/1825 212/213/1826 230/228/1827
f 230/228/1828 212/213/1829 213/212/1830
f 202/200/1831 199/199/1832 197/193/1833
f 197/193/1834 199/199/1835 196/194/1836
f 198/195/1837 196/194/1838 200/197/1839
f 200/197/1840 196/194/1841 199/199/1842
f 74/71/1843 78/75/1844 261/258/1845
f 261/258/1846 78/75/1847 263/259/1848
f 382/351/1849 381/352/1850 351/353/1851
f 351/353/1852 381/352/1853 352/354/1854
f 27/26/1855 351/353/1856 26/144/1857
f 26/144/1858 351/353/1859 352/354/1860
f 383/355/1861 382/351/1862 353/356/1863
f 353/356/1864 382/351/1865 351/353/1866
f 28/28/1867 353/356/1868 27/26/1869
f 27/26/1870 353/356/1871 351/353/1872
f 354/357/1873 384/358/1874 353/356/1875
f 353/356/1876 384/358/1877 383/355/1878
f 28/28/1879 29/31/1880 353/356/1881
f 353/356/1882 29/31/1883 354/357/1884
f 386/359/1885 385/360/1886 355/361/1887
f 355/361/1888 385/360/1889 356/362/1890
f 107/104/1891 355/361/1892 108/105/1893
f 108/105/1894 355/361/1895 356/362/1896
f 357/363/1897 388/364/1898 358/365/1899
f 358/365/1900 388/364/1901 387/366/1902
f 109/107/1903 110/106/1904 358/365/1905
f 358/365/1906 110/106/1907 357/363/1908
f 391/367/1909 390/368/1910 359/369/1911
f 359/369/1912 390/368/1913 361/370/1914
f 137/134/1915 359/369/1916 139/136/1917
f 139/136/1918 359/369/1919 361/370/1920
f 360/371/1921 389/372/1922 362/373/1923
f 362/373/1924 389/372/1925 392/374/1926
f 34/33/1927 138/137/1928 362/373/1929
f 362/373/1930 138/137/1931 360/371/1932
f 362/373/1933 392/374/1934 354/357/1935
f 354/357/1936 392/374/1937 384/358/1938
f 29/31/1939 34/33/1940 354/357/1941
f 354/357/1942 34/33/1943 362/373/1944
f 393/375/1945 391/367/1946 363/376/1947
f 363/376/1948 391/367/1949 359/369/1950
f 136/133/1951 363/376/1952 137/134/1953
f 137/134/1954 363/376/1955 359/369/1956
f 394/377/1957 393/375/1958 364/378/1959
f 364/378/1960 393/375/1961 363/376/1962
f 140/138/1963 364/378/1964 136/133/1965
f 136/133/1966 364/378/1967 363/376/1968
f 395/379/1969 394/377/1970 365/380/1971
f 365/380/1972 394/377/1973 364/378/1974
f 141/139/1975 365/380/1976 140/138/1977
f 140/138/1978 365/380/1979 364/378/1980
f 358/365/1981 387/366/1982 366/381/1983
f 366/381/1984 387/366/1985 396/382/1986
f 144/142/1987 109/107/1988 366/381/1989
f 366/381/1990 109/107/1991 358/365/1992
f 366/381/1993 396/382/1994 365/380/1995
f 365/380/1996 396/382/1997 395/379/1998
f 141/139/1999 144/142/2000 365/380/2001
f 365/380/2002 144/142/2003 366/381/2004
f 381/352/2005 386/359/2006 352/354/2007
f 352/354/2008 386/359/2009 355/361/2010
f 26/144/2011 352/354/2012 107/104/2013
f 107/104/2014 352/354/2015 355/361/2016
f 367/383/2017 398/384/2018 368/385/2019
f 368/385/2020 398/384/2021 397/386/2022
f 215/217/2023 214/306/2024 368/385/2025
f 368/385/2026 214/306/2027 367/383/2028
f 368/385/2029 397/386/2030 369/387/2031
f 369/387/2032 397/386/2033 399/388/2034
f 216/216/2035 215/217/2036 369/387/2037
f 369/387/2038 215/217/2039 368/385/2040
f 399/388/2041 400/389/2042 369/387/2043
f 369/387/2044 400/389/2045 370/390/2046
f 216/216/2047 369/387/2048 217/218/2049
f 217/218/2050 369/387/2051 370/390/2052
f 356/362/2053 385/360/2054 371/391/2055
f 371/391/2056 385/360/2057 401/392/2058
f 278/275/2059 108/105/2060 371/391/2061
f 371/391/2062 108/105/2063 356/362/2064
f 402/393/2065 388/364/2066 372/394/2067
f 372/394/2068 388/364/2069 357/363/2070
f 279/276/2071 372/394/2072 110/106/2073
f 110/106/2074 372/394/2075 357/363/2076
f 374/395/2077 404/396/2078 373/397/2079
f 373/397/2080 404/396/2081 403/398/2082
f 299/295/2083 300/298/2084 373/397/2085
f 373/397/2086 300/298/2087 374/395/2088
f 406/399/2089 405/400/2090 376/401/2091
f 376/401/2092 405/400/2093 375/402/2094
f 222/221/2095 376/401/2096 301/299/2097
f 301/299/2098 376/401/2099 375/402/2100
f 400/389/2101 406/399/2102 370/390/2103
f 370/390/2104 406/399/2105 376/401/2106
f 217/218/2107 370/390/2108 222/221/2109
f 222/221/2110 370/390/2111 376/401/2112
f 373/397/2113 403/398/2114 377/403/2115
f 377/403/2116 403/398/2117 407/404/2118
f 298/296/2119 299/295/2120 377/403/2121
f 377/403/2122 299/295/2123 373/397/2124
f 377/403/2125 407/404/2126 378/405/2127
f 378/405/2128 407/404/2129 408/406/2130
f 302/300/2131 298/296/2132 378/405/2133
f 378/405/2134 298/296/2135 377/403/2136
f 378/405/2137 408/406/2138 379/407/2139
f 379/407/2140 408/406/2141 409/408/2142
f 303/301/2143 302/300/2144 379/407/2145
f 379/407/2146 302/300/2147 378/405/2148
f 410/409/2149 402/393/2150 380/410/2151
f 380/410/2152 402/393/2153 372/394/2154
f 306/303/2155 380/410/2156 279/276/2157
f 279/276/2158 380/410/2159 372/394/2160
f 409/408/2161 410/409/2162 379/407/2163
f 379/407/2164 410/409/2165 380/410/2166
f 303/301/2167 379/407/2168 306/303/2169
f 306/303/2170 379/407/2171 380/410/2172
f 371/391/2173 401/392/2174 367/383/2175
f 367/383/2176 401/392/2177 398/384/2178
f 214/306/2179 278/275/2180 367/383/2181
f 367/383/2182 278/275/2183 371/391/2184
f 411/411/2185 516/412/2186 511/413/2187
f 411/411/2188 511/413/2189 517/414/2190
f 411/411/2191 517/414/2192 520/415/2193
f 411/411/2194 520/415/2195 523/416/2196
f 411/411/2197 523/416/2198 526/417/2199
f 411/411/2200 526/417/2201 529/418/2202
f 411/411/2203 529/418/2204 532/419/2205
f 411/411/2206 532/419/2207 535/420/2208
f 411/411/2209 535/420/2210 538/421/2211
f 411/411/2212 538/421/2213 541/422/2214
f 411/411/2215 541/422/2216 544/423/2217
f 411/411/2218 544/423/2219 547/424/2220
f 411/411/2221 547/424/2222 550/425/2223
f 411/411/2224 550/425/2225 553/426/2226
f 411/411/2227 553/426/2228 556/427/2229
f 411/411/2230 556/427/2231 560/428/2232
f 411/411/2233 560/428/2234 563/429/2235
f 411/411/2236 563/429/2237 566/430/2238
f 411/411/2239 566/430/2240 569/431/2241
f 411/411/2242 569/431/2243 572/432/2244
f 411/411/2245 572/432/2246 575/433/2247
f 411/411/2248 575/433/2249 578/434/2250
f 411/411/2251 578/434/2252 581/435/2253
f 411/411/2254 581/435/2255 584/436/2256
f 411/411/2257 584/436/2258 587/437/2259
f 411/411/2260 587/437/2261 590/438/2262
f 411/411/2263 590/438/2264 593/439/2265
f 411/411/2266 593/439/2267 596/440/2268
f 411/411/2269 596/440/2270 599/441/2271
f 411/411/2272 599/441/2273 602/442/2274
f 411/411/2275 602/442/2276 605/443/2277
f 411/411/2278 605/443/2279 516/412/2280
f 412/444/2281 477/445/2282 414/446/2283
f 414/446/2284 477/445/2285 416/447/2286
f 416/447/2287 477/445/2288 418/448/2289
f 418/448/2290 477/445/2291 420/449/2292
f 420/449/2293 477/445/2294 422/450/2295
f 422/450/2296 477/445/2297 424/451/2298
f 424/451/2299 477/445/2300 426/452/2301
f 426/452/2302 477/445/2303 428/453/2304
f 428/453/2305 477/445/2306 430/454/2307
f 430/454/2308 477/445/2309 432/455/2310
f 432/455/2311 477/445/2312 434/456/2313
f 434/456/2314 477/445/2315 436/457/2316
f 436/457/2317 477/445/2318 438/458/2319
f 438/458/2320 477/445/2321 440/459/2322
f 440/459/2323 477/445/2324 442/460/2325
f 442/460/2326 477/445/2327 445/461/2328
f 445/461/2329 477/445/2330 447/462/2331
f 447/462/2332 477/445/2333 449/463/2334
f 449/463/2335 477/445/2336 451/464/2337
f 451/464/2338 477/445/2339 453/465/2340
f 453/465/2341 477/445/2342 455/466/2343
f 455/466/2344 477/445/2345 457/467/2346
f 457/467/2347 477/445/2348 459/468/2349
f 459/468/2350 477/445/2351 461/469/2352
f 461/469/2353 477/445/2354 463/470/2355
f 463/470/2356 477/445/2357 465/471/2358
f 465/471/2359 477/445/2360 467/472/2361
f 467/472/2362 477/445/2363 469/473/2364
f 469/473/2365 477/445/2366 471/474/2367
f 471/474/2368 477/445/2369 473/475/2370
f 473/475/2371 477/445/2372 475/476/2373
f 475/476/2374 477/445/2375 412/444/2376
f 478/477/2377 413/478/2378 479/479/2379
f 479/479/2380 413/478/2381 415/480/2382
f 479/479/2383 415/480/2384 480/481/2385
f 480/481/2386 415/480/2387 417/482/2388
f 480/481/2389 417/482/2390 481/483/2391
f 481/483/2392 417/482/2393 419/484/2394
f 481/483/2395 419/484/2396 482/485/2397
f 482/485/2398 419/484/2399 421/486/2400
f 482/485/2401 421/486/2402 483/487/2403
f 483/487/2404 421/486/2405 423/488/2406
f 483/487/2407 423/488/2408 484/489/2409
f 484/489/2410 423/488/2411 425/490/2412
f 484/489/2413 425/490/2414 485/491/2415
f 485/491/2416 425/490/2417 427/492/2418
f 485/491/2419 427/492/2420 486/493/2421
f 486/493/2422 427/492/2423 429/494/2424
f 486/493/2425 429/494/2426 487/495/2427
f 487/495/2428 429/494/2429 431/496/2430
f 487/495/2431 431/496/2432 488/497/2433
f 488/497/2434 431/496/2435 433/498/2436
f 488/497/2437 433/498/2438 489/499/2439
f 489/499/2440 433/498/2441 435/500/2442
f 489/499/2443 435/500/2444 490/501/2445
f 490/501/2446 435/500/2447 437/502/2448
f 490/501/2449 437/502/2450 491/503/2451
f 491/503/2452 437/502/2453 439/504/2454
f 491/503/2455 439/504/2456 492/505/2457
f 492/505/2458 439/504/2459 441/506/2460
f 492/505/2461 441/506/2462 494/507/2463
f 494/507/2464 441/506/2465 444/508/2466
f 493/509/2467 443/510/2468 495/511/2469
f 495/511/2470 443/510/2471 446/512/2472
f 495/511/2473 446/512/2474 496/513/2475
f 496/513/2476 446/512/2477 448/514/2478
f 496/513/2479 448/514/2480 497/515/2481
f 497/515/2482 448/514/2483 450/516/2484
f 497/515/2485 450/516/2486 498/517/2487
f 498/517/2488 450/516/2489 452/518/2490
f 498/517/2491 452/518/2492 499/519/2493
f 499/519/2494 452/518/2495 454/520/2496
f 499/519/2497 454/520/2498 500/521/2499
f 500/521/2500 454/520/2501 456/522/2502
f 500/521/2503 456/522/2504 501/523/2505
f 501/523/2506 456/522/2507 458/524/2508
f 501/523/2509 458/524/2510 502/525/2511
f 502/525/2512 458/524/2513 460/526/2514
f 502/525/2515 460/526/2516 503/527/2517
f 503/527/2518 460/526/2519 462/528/2520
f 503/527/2521 462/528/2522 504/529/2523
f 504/529/2524 462/528/2525 464/530/2526
f 504/529/2527 464/530/2528 505/531/2529
f 505/531/2530 464/530/2531 466/532/2532
f 505/531/2533 466/532/2534 506/533/2535
f 506/533/2536 466/532/2537 468/534/2538
f 506/533/2539 468/534/2540 507/535/2541
f 507/535/2542 468/534/2543 470/536/2544
f 507/535/2545 470/536/2546 508/537/2547
f 508/537/2548 470/536/2549 472/538/2550
f 508/537/2551 472/538/2552 509/539/2553
f 509/539/2554 472/538/2555 474/540/2556
f 509/539/2557 474/540/2558 510/541/2559
f 510/541/2560 474/540/2561 476/542/2562
f 510/541/2563 476/542/2564 478/477/2565
f 478/477/2566 476/542/2567 413/478/2568
f 516/412/2569 515/543/2570 511/413/2571
f 511/413/2572 515/543/2573 512/544/2574
f 478/477/2575 479/479/2576 514/545/2577
f 514/545/2578 479/479/2579 513/546/2580
f 511/413/2581 512/544/2582 517/414/2583
f 517/414/2584 512/544/2585 518/547/2586
f 479/479/2587 480/481/2588 513/546/2589
f 513/546/2590 480/481/2591 519/548/2592
f 517/414/2593 518/547/2594 520/415/2595
f 520/415/2596 518/547/2597 521/549/2598
f 480/481/2599 481/483/2600 519/548/2601
f 519/548/2602 481/483/2603 522/550/2604
f 520/415/2605 521/549/2606 523/416/2607
f 523/416/2608 521/549/2609 524/551/2610
f 481/483/2611 482/485/2612 522/550/2613
f 522/550/2614 482/485/2615 525/552/2616
f 523/416/2617 524/551/2618 526/417/2619
f 526/417/2620 524/551/2621 527/553/2622
f 482/485/2623 483/487/2624 525/552/2625
f 525/552/2626 483/487/2627 528/554/2628
f 526/417/2629 527/553/2630 529/418/2631
f 529/418/2632 527/553/2633 530/555/2634
f 483/487/2635 484/489/2636 528/554/2637
f 528/554/2638 484/489/2639 531/556/2640
f 529/418/2641 530/555/2642 532/419/2643
f 532/419/2644 530/555/2645 533/557/2646
f 484/489/2647 485/491/2648 531/556/2649
f 531/556/2650 485/491/2651 534/558/2652
f 532/419/2653 533/557/2654 535/420/2655
f 535/420/2656 533/557/2657 536/559/2658
f 485/491/2659 486/493/2660 534/558/2661
f 534/558/2662 486/493/2663 537/560/2664
f 535/420/2665 536/559/2666 538/421/2667
f 538/421/2668 536/559/2669 539/561/2670
f 486/493/2671 487/495/2672 537/560/2673
f 537/560/2674 487/495/2675 540/562/2676
f 538/421/2677 539/561/2678 541/422/2679
f 541/422/2680 539/561/2681 542/563/2682
f 487/495/2683 488/497/2684 540/562/2685
f 540/562/2686 488/497/2687 543/564/2688
f 541/422/2689 542/563/2690 544/423/2691
f 544/423/2692 542/563/2693 545/565/2694
f 488/497/2695 489/499/2696 543/564/2697
f 543/564/2698 489/499/2699 546/566/2700
f 544/423/2701 545/565/2702 547/424/2703
f 547/424/2704 545/565/2705 548/567/2706
f 489/499/2707 490/501/2708 546/566/2709
f 546/566/2710 490/501/2711 549/568/2712
f 547/424/2713 548/567/2714 550/425/2715
f 550/425/2716 548/567/2717 551/569/2718
f 490/501/2719 491/503/2720 549/568/2721
f 549/568/2722 491/503/2723 552/570/2724
f 550/425/2725 551/569/2726 553/426/2727
f 553/426/2728 551/569/2729 554/571/2730
f 491/503/2731 492/505/2732 552/570/2733
f 552/570/2734 492/505/2735 555/572/2736
f 553/426/2737 554/571/2738 556/427/2739
f 556/427/2740 554/571/2741 557/573/2742
f 492/505/2743 494/507/2744 555/572/2745
f 555/572/2746 494/507/2747 559/574/2748
f 556/427/2749 557/573/2750 560/428/2751
f 560/428/2752 557/573/2753 561/575/2754
f 493/509/2755 495/511/2756 558/576/2757
f 558/576/2758 495/511/2759 562/577/2760
f 560/428/2761 561/575/2762 563/429/2763
f 563/429/2764 561/575/2765 564/578/2766
f 495/511/2767 496/513/2768 562/577/2769
f 562/577/2770 496/513/2771 565/579/2772
f 563/429/2773 564/578/2774 566/430/2775
f 566/430/2776 564/578/2777 567/580/2778
f 496/513/2779 497/515/2780 565/579/2781
f 565/579/2782 497/515/2783 568/581/2784
f 566/430/2785 567/580/2786 569/431/2787
f 569/431/2788 567/580/2789 570/582/2790
f 497/515/2791 498/517/2792 568/581/2793
f 568/581/2794 498/517/2795 571/583/2796
f 569/431/2797 570/582/2798 572/432/2799
f 572/432/2800 570/582/2801 573/584/2802
f 498/517/2803 499/519/2804 571/583/2805
f 571/583/2806 499/519/2807 574/585/2808
f 572/432/2809 573/584/2810 575/433/2811
f 575/433/2812 573/584/2813 576/586/2814
f 499/519/2815 500/521/2816 574/585/2817
f 574/585/2818 500/521/2819 577/587/2820
f 575/433/2821 576/586/2822 578/434/2823
f 578/434/2824 576/586/2825 579/588/2826
f 500/521/2827 501/523/2828 577/587/2829
f 577/587/2830 501/523/2831 580/589/2832
f 578/434/2833 579/588/2834 581/435/2835
f 581/435/2836 579/588/2837 582/590/2838
f 501/523/2839 502/525/2840 580/589/2841
f 580/589/2842 502/525/2843 583/591/2844
f 581/435/2845 582/590/2846 584/436/2847
f 584/436/2848 582/590/2849 585/592/2850
f 502/525/2851 503/527/2852 583/591/2853
f 583/591/2854 503/527/2855 586/593/2856
f 584/436/2857 585/592/2858 587/437/2859
f 587/437/2860 585/592/2861 588/594/2862
f 503/527/2863 504/529/2864 586/593/2865
f 586/593/2866 504/529/2867 589/595/2868
f 587/437/2869 588/594/2870 590/438/2871
f 590/438/2872 588/594/2873 591/596/2874
f 504/529/2875 505/531/2876 589/595/2877
f 589/595/2878 505/531/2879 592/597/2880
f 590/438/2881 591/596/2882 593/439/2883
f 593/439/2884 591/596/2885 594/598/2886
f 505/531/2887 506/533/2888 592/597/2889
f 592/597/2890 506/533/2891 595/599/2892
f 593/439/2893 594/598/2894 596/440/2895
f 596/440/2896 594/598/2897 597/600/2898
f 506/533/2899 507/535/2900 595/599/2901
f 595/599/2902 507/535/2903 598/601/2904
f 596/440/2905 597/600/2906 599/441/2907
f 599/441/2908 597/600/2909 600/602/2910
f 507/535/2911 508/537/2912 598/601/2913
f 598/601/2914 508/537/2915 601/603/2916
f 599/441/2917 600/602/2918 602/442/2919
f 602/442/2920 600/602/2921 603/604/2922
f 508/537/2923 509/539/2924 601/603/2925
f 601/603/2926 509/539/2927 604/605/2928
f 602/442/2929 603/604/2930 605/443/2931
f 605/443/2932 603/604/2933 607/606/2934
f 509/539/2935 510/541/2936 604/605/2937
f 604/605/2938 510/541/2939 606/607/2940
f 605/443/2941 607/606/2942 516/412/2943
f 516/412/2944 607/606/2945 515/543/2946
f 510/541/2947 478/477/2948 606/607/2949
f 606/607/2950 478/477/2951 514/545/2952
